,year,price
0,2005,5200
1,2017,34948
2,2016,49948
3,2016,61948
4,2016,73948
5,2011,149948
6,2018,30948
7,2012,10948
8,2019,139948
9,2017,19750
10,2020,32980
11,2020,26980
12,2019,23750
13,2019,67980
14,2016,18980
15,2017,15890
16,2017,19890
17,2019,56800
18,2017,17513
19,2014,15701
20,2019,26601
21,2016,17672
22,2015,20769
23,2017,22270
24,2015,34129
25,2017,20601
26,2016,25077
27,2017,21609
28,2018,22914
29,2016,19328
30,2019,29546
31,2019,35611
32,2017,15311
33,2020,28128
34,2019,23184
35,2017,15787
36,2018,30682
37,2019,25701
38,2020,31790
39,2019,25190
40,2014,15990
41,2018,34990
42,2019,30799
43,2017,19743
44,2019,24055
45,2019,20945
46,2019,28524
47,2019,24541
48,2017,20880
49,2006,2880
50,2010,5880
51,2015,14940
52,2004,4890
53,2010,16990
54,2010,3890
55,2011,3990
56,2011,3440
57,2020,48995
58,2008,5980
59,2015,13990
60,2016,14480
61,2010,6980
62,2014,11290
63,2011,5740
64,2017,31980
65,2014,15990
66,2015,11240
67,2019,37980
68,2019,28980
69,2019,23280
70,2019,32980
71,2008,5990
72,2013,7300
73,2014,41980
74,2007,7340
75,2007,8490
76,2009,4480
77,2016,24880
78,2015,17480
79,2007,4880
80,2015,38980
81,2010,7495
82,2007,3790
83,2007,3890
84,2015,17863
85,2015,17624
86,2018,18220
87,2017,18775
88,2017,20745
89,2019,18118
90,2019,17990
91,2019,28491
92,2018,18888
93,2019,19840
94,2019,18241
95,2019,18141
96,2016,37385
97,2017,26166
98,2019,24616
99,2019,30403
100,2019,30670
101,2020,30960
102,2020,24107
103,2019,24510
104,2016,35371
105,2019,33729
106,2019,29623
107,2019,27964
108,2019,21394
109,2019,20882
110,2019,37352
111,2018,18051
112,2019,24433
113,2019,37116
114,2019,22375
115,2019,24915
116,2019,29991
117,2019,22596
118,2019,22730
119,2019,26154
120,2020,35438
121,2019,27980
122,2019,28250
123,2019,23280
124,2017,15700
125,2017,18790
126,2020,54995
127,2018,20450
128,2014,11980
129,2017,19890
130,2018,20350
131,2017,22890
132,2017,18890
133,2017,15480
134,2016,16480
135,2017,20480
136,2016,25780
137,2017,21000
138,2016,17800
139,2019,20700
140,2016,17890
141,2009,4200
142,2017,20998
143,2015,18998
144,2017,24998
145,2015,17498
146,2016,19498
147,2018,23498
148,2014,15998
149,2016,28498
150,2015,16498
151,2020,37998
152,2014,16995
153,2016,27995
154,2015,29995
155,2017,26995
156,2017,24995
157,2016,29995
158,2019,18995
159,2015,11995
160,2015,52995
161,2017,23995
162,2015,17698
163,2014,15998
164,2016,20298
165,2014,12998
166,2013,11998
167,2017,17998
168,2016,16998
169,2019,48998
170,2019,28998
171,2019,46998
172,2017,17498
173,2016,26498
174,2013,8998
175,2016,19498
176,2017,20498
177,2018,22998
178,2016,12998
179,2016,22998
180,2015,27998
181,2015,26498
182,2017,27998
183,2019,36998
184,2017,26998
185,2015,19498
186,2019,25498
187,2019,28998
188,2019,24998
189,2020,27998
190,2019,35998
191,2019,32998
192,2016,24998
193,2017,21498
194,2017,20998
195,2016,25498
196,2015,13498
197,2016,16998
198,2019,32998
199,2019,21498
200,2014,13998
201,2017,18998
202,2016,17998
203,2019,28498
204,2016,18998
205,2019,19498
206,2017,20998
207,2019,20998
208,2015,21498
209,2017,19998
210,2017,19498
211,2016,20498
212,2017,22498
213,2017,20998
214,2017,20998
215,2015,18998
216,2018,27498
217,2016,16998
218,2017,22998
219,2015,24498
220,2018,27498
221,2015,16998
222,2015,17998
223,2016,23498
224,2017,18298
225,2019,22998
226,2014,26998
227,2018,19998
228,2018,19498
229,2014,15998
230,2013,9298
231,2014,17298
232,2018,20489
233,2013,15990
234,2013,9995
235,2014,24498
236,2016,26490
237,2018,22990
238,2018,19995
239,2017,17850
240,2016,15000
241,2017,13800
242,2018,20498
243,2014,15498
244,2019,18995
245,2017,20995
246,2018,31995
247,2017,16995
248,2015,17995
249,2016,28995
250,2018,35995
251,2017,23995
252,2015,16998
253,2016,21998
254,2017,30498
255,2019,27698
256,2016,27498
257,2019,32498
258,2019,54498
259,2016,34998
260,2016,28998
261,2019,24498
262,2017,20998
263,2015,19698
264,2018,23498
265,2019,21498
266,2019,21498
267,2019,64998
268,2015,19498
269,2015,12298
270,2017,21998
271,2016,24998
272,2017,29998
273,2016,15635
274,2018,20685
275,2017,19498
276,2018,46998
277,2016,20498
278,2017,30298
279,2015,20298
280,2017,37998
281,2017,28998
282,2014,15298
283,2016,22998
284,2018,31998
285,2019,36998
286,2016,15998
287,2015,18498
288,2016,24998
289,2018,33998
290,2019,33998
291,2019,32998
292,2016,21998
293,2016,28698
294,2018,19998
295,2019,44498
296,2015,13998
297,2017,30498
298,2019,24498
299,2016,18498
300,2018,18998
301,2016,16498
302,2016,23998
303,2015,19498
304,2016,15498
305,2017,19498
306,2019,39998
307,2019,38998
308,2019,32998
309,2019,34998
310,2019,20998
311,2015,27498
312,2017,20298
313,2018,21998
314,2019,21998
315,2016,21998
316,2016,19498
317,2016,18998
318,2017,21998
319,2017,15245
320,2014,10995
321,2013,9995
322,2017,23995
323,2016,28650
324,2015,21998
325,2014,15698
326,2018,20498
327,2019,39998
328,2015,18498
329,2016,18498
330,2015,24498
331,2018,20498
332,2018,20498
333,2019,31998
334,2019,29998
335,2019,24998
336,2015,26498
337,2019,32998
338,2019,32998
339,2019,29998
340,2016,30998
341,2016,19998
342,2017,23998
343,2019,48998
344,2019,32498
345,2017,19998
346,2016,27998
347,2016,18998
348,2017,28498
349,2015,17998
350,2015,18498
351,2014,15498
352,2017,18998
353,2016,19998
354,2014,15698
355,2016,25998
356,2016,15200
357,2013,15200
358,2016,15200
359,2014,15998
360,2019,22498
361,2016,17998
362,2013,11998
363,2019,21498
364,2016,19298
365,2016,28998
366,2017,12498
367,2018,32998
368,2018,29498
369,2016,16998
370,2015,28998
371,2016,20298
372,2013,10698
373,2015,24998
374,2016,15498
375,2015,25498
376,2016,18698
377,2017,30998
378,2016,12498
379,2019,46998
380,2019,33998
381,2019,32998
382,2019,30498
383,2015,19298
384,2018,17498
385,2016,21498
386,2016,19498
387,2017,18998
388,2017,18498
389,2019,40998
390,2019,49998
391,2016,31998
392,2019,23498
393,2017,18498
394,2015,27998
395,2019,24998
396,2019,24998
397,2019,21998
398,2018,29498
399,2019,24498
400,2015,28498
401,2016,20998
402,2016,19998
403,2016,20298
404,2016,19498
405,2016,19498
406,2017,20998
407,2016,21498
408,2016,19698
409,2015,31998
410,2015,19498
411,2016,30998
412,2014,15998
413,2016,17998
414,2015,14298
415,2017,15498
416,2016,21500
417,2016,14698
418,2016,13998
419,2015,14698
420,2019,18498
421,2014,9998
422,2017,34998
423,2014,10498
424,2016,14998
425,2014,14998
426,2018,19998
427,2016,19698
428,2018,17498
429,2017,22498
430,2015,11998
431,2018,32498
432,2016,16298
433,2013,11998
434,2016,20998
435,2018,21498
436,2017,25498
437,2014,16995
438,2017,28500
439,2016,13900
440,2015,18498
441,2017,31498
442,2016,15698
443,2015,16998
444,2015,17498
445,2017,20998
446,2016,20998
447,2017,16498
448,2017,15998
449,2013,11998
450,2018,32498
451,2017,19295
452,2017,21950
453,2019,24495
454,2016,24995
455,2016,18990
456,2018,27590
457,2013,9495
458,2017,22750
459,2016,21595
460,2015,12495
461,2018,20498
462,2018,19498
463,2015,17498
464,2016,16198
465,2018,20498
466,2016,30498
467,2017,17998
468,2018,19998
469,2016,17998
470,2018,20498
471,2017,13498
472,2017,29998
473,2017,20998
474,2017,21498
475,2015,17498
476,2014,10498
477,2014,20498
478,2016,16998
479,2017,19698
480,2017,25798
481,2018,20498
482,2015,13498
483,2015,17998
484,2016,18998
485,2019,21998
486,2019,40998
487,2015,19698
488,2019,23498
489,2017,26998
490,2016,20998
491,2016,14498
492,2017,20998
493,2018,19998
494,2016,17998
495,2014,13998
496,2019,29498
497,2016,21998
498,2019,21998
499,2017,28998
500,2015,12495
501,2017,19498
502,2017,31298
503,2016,22998
504,2017,16798
505,2017,15498
506,2015,15998
507,2014,10998
508,2018,19998
509,2013,15498
510,2016,16998
511,2015,16798
512,2015,11498
513,2013,11460
514,2016,13991
515,2018,20810
516,2016,16130
517,2015,12380
518,2018,20998
519,2013,13998
520,2015,16498
521,2015,17998
522,2016,24498
523,2013,9998
524,2017,23498
525,2017,18498
526,2018,17498
527,2016,13498
528,2017,16498
529,2019,60998
530,2017,24998
531,2014,9500
532,2016,21498
533,2019,23998
534,2015,19700
535,2016,17000
536,2014,18500
537,2013,16300
538,2018,23000
539,2013,8200
540,2019,23000
541,2017,25800
542,2018,20998
543,2019,20998
544,2015,21298
545,2019,25498
546,2019,28998
547,2017,17998
548,2019,24998
549,2018,27998
550,2016,20498
551,2018,47998
552,2018,22998
553,2017,23998
554,2016,20698
555,2017,43498
556,2016,23998
557,2016,18998
558,2016,19298
559,2017,29698
560,2017,21998
561,2017,18998
562,2018,18998
563,2017,20498
564,2017,22698
565,2016,13690
566,2017,14490
567,2014,13490
568,2014,14490
569,2018,29990
570,2019,33990
571,2014,14780
572,2017,16922
573,2017,18350
574,2016,17595
575,2016,20998
576,2016,18698
577,2017,20998
578,2016,20298
579,2015,20498
580,2016,25998
581,2014,19998
582,2015,16315
583,2019,19998
584,2018,19990
585,2017,18990
586,2014,12990
587,2018,19990
588,2016,31390
589,2017,24990
590,2017,29998
591,2015,28998
592,2019,29998
593,2016,21398
594,2016,22498
595,2019,20998
596,2019,59998
597,2016,21998
598,2016,22498
599,2015,17636
600,2017,18990
601,2019,21290
602,2017,13990
603,2019,21980
604,2019,23990
605,2019,21980
606,2019,44990
607,2015,27998
608,2015,34998
609,2017,21998
610,2015,22498
611,2014,9998
612,2019,54990
613,2018,24490
614,2014,28990
615,2016,15990
616,2018,17490
617,2014,13990
618,2019,43990
619,2019,43490
620,2017,30498
621,2019,27990
622,2020,22490
623,2020,27480
624,2020,29950
625,2017,14990
626,2017,31990
627,2020,31950
628,2016,20990
629,2017,34950
630,2015,15390
631,2017,17990
632,2020,43950
633,2020,29950
634,2020,33950
635,2019,24950
636,2018,25990
637,2020,21750
638,2020,21750
639,2017,16490
640,2015,36990
641,2017,40990
642,2015,18998
643,2016,30998
644,2017,19998
645,2017,21998
646,2016,18698
647,2016,19998
648,2013,11998
649,2017,17998
650,2016,22998
651,2013,9490
652,2017,15690
653,2017,13790
654,2017,14990
655,2016,19990
656,2018,19490
657,2019,28990
658,2019,20950
659,2017,19250
660,2016,22990
661,2016,16450
662,2019,21990
663,2018,26480
664,2017,20790
665,2019,53990
666,2016,19490
667,2018,27990
668,2017,18998
669,2016,20498
670,2015,20498
671,2016,21498
672,2017,18698
673,2016,22998
674,2020,66990
675,2020,28990
676,2019,31990
677,2016,14450
678,2017,27990
679,2016,19690
680,2018,38990
681,2017,15590
682,2019,45990
683,2017,37950
684,2018,36850
685,2019,30950
686,2019,99950
687,2019,54990
688,2019,24950
689,2019,25950
690,2019,34950
691,2020,32950
692,2019,35490
693,2020,23690
694,2017,27990
695,2019,20990
696,2019,24990
697,2018,21990
698,2015,14750
699,2017,27950
700,2017,27790
701,2019,21450
702,2018,20295
703,2018,18990
704,2019,19990
705,2019,36490
706,2018,33990
707,2019,18490
708,2019,21450
709,2018,17990
710,2018,17990
711,2018,19498
712,2017,25498
713,2015,13109
714,2019,27990
715,2019,29490
716,2019,19990
717,2015,21967
718,2013,9798
719,2016,21998
720,2018,26998
721,2016,17998
722,2017,18998
723,2014,15498
724,2015,12691
725,2014,16087
726,2013,11991
727,2013,9600
728,2014,11791
729,2015,10991
730,2014,13251
731,2016,13691
732,2015,10991
733,2016,15291
734,2015,11991
735,2018,19991
736,2017,13291
737,2016,14521
738,2018,20991
739,2017,23791
740,2018,23498
741,2015,32998
742,2017,20998
743,2014,13491
744,2016,15378
745,2015,15990
746,2017,26027
747,2019,44990
748,2016,17991
749,2019,47484
750,2017,13587
751,2016,15597
752,2015,16310
753,2019,49500
754,2019,44990
755,2019,25490
756,2020,21990
757,2018,20991
758,2019,19511
759,2017,18200
760,2017,27520
761,2020,45990
762,2015,13621
763,2016,17991
764,2017,17047
765,2017,27990
766,2015,14550
767,2016,16411
768,2017,16991
769,2016,26320
770,2018,20990
771,2017,27490
772,2016,18300
773,2018,18950
774,2017,22750
775,2019,21250
776,2017,27950
777,2016,29990
778,2016,21990
779,2016,20490
780,2015,14980
781,2018,43990
782,2017,20750
783,2018,26625
784,2019,23690
785,2019,25240
786,2019,18240
787,2017,24780
788,2017,24510
789,2019,32340
790,2019,20991
791,2019,27890
792,2019,21291
793,2019,21190
794,2019,22990
795,2019,18990
796,2017,21650
797,2019,42590
798,2019,24690
799,2017,18270
800,2018,24690
801,2015,13000
802,2018,28295
803,2018,20498
804,2013,11998
805,2013,14498
806,2017,13298
807,2017,28498
808,2016,15998
809,2015,11998
810,2017,15990
811,2019,20741
812,2017,20591
813,2019,27991
814,2016,19991
815,2017,38580
816,2016,18435
817,2018,20490
818,2018,17990
819,2019,19990
820,2018,18490
821,2019,18085
822,2019,18790
823,2017,29991
824,2017,16990
825,2019,30055
826,2019,20640
827,2019,19599
828,2019,20450
829,2016,13490
830,2017,19290
831,2016,20990
832,2016,14490
833,2017,33990
834,2017,19490
835,2016,13291
836,2015,18191
837,2016,20991
838,2017,20871
839,2018,25891
840,2016,18391
841,2017,28991
842,2016,22498
843,2017,24498
844,2015,13498
845,2015,21998
846,2014,15898
847,2017,19798
848,2014,16998
849,2017,21998
850,2017,30298
851,2019,24498
852,2017,14270
853,2018,19498
854,2015,17998
855,2017,21998
856,2016,34998
857,2017,16498
858,2016,21998
859,2014,13495
860,2015,14500
861,2016,34698
862,2018,31998
863,2019,22990
864,2019,41550
865,2016,18991
866,2016,15561
867,2019,19991
868,2019,19531
869,2019,21530
870,2018,17990
871,2015,13361
872,2017,27692
873,2019,21035
874,2017,17490
875,2019,26427
876,2018,20570
877,2018,18990
878,2017,21991
879,2019,20991
880,2018,21591
881,2017,17990
882,2019,20990
883,2019,18190
884,2019,22990
885,2018,20890
886,2019,19250
887,2019,20990
888,2019,20750
889,2019,18190
890,2018,29990
891,2018,23995
892,2015,12590
893,2016,16485
894,2015,13485
895,2018,18940
896,2018,20885
897,2018,26890
898,2018,15995
899,2014,25885
900,2018,20485
901,2016,14965
902,2017,20480
903,2018,41990
904,2017,16595
905,2018,17940
906,2016,18485
907,2018,19940
908,2016,18990
909,2017,17698
910,2013,25998
911,2015,17450
912,2015,18495
913,2015,24950
914,2016,14450
915,2014,11950
916,2017,21950
917,2016,13695
918,2015,16440
919,2014,9891
920,2017,24735
921,2017,20999
922,2016,14999
923,2017,16999
924,2016,29499
925,2016,17990
926,2019,27000
927,2015,19991
928,2017,21391
929,2017,25991
930,2019,37999
931,2020,26999
932,2019,45990
933,2016,18999
934,2020,26499
935,2014,7495
936,2016,12390
937,2014,11495
938,2013,10495
939,2019,24489
940,2016,29999
941,2017,24998
942,2018,20698
943,2018,19998
944,2015,16998
945,2017,32998
946,2017,25998
947,2017,31998
948,2017,22498
949,2015,12998
950,2017,12499
951,2016,17791
952,2016,13999
953,2019,38999
954,2019,57995
955,2014,17998
956,2016,17999
957,2017,17495
958,2018,21999
959,2018,22699
960,2017,24999
961,2016,17999
962,2015,17450
963,2015,16499
964,2016,17999
965,2019,89999
966,2019,56499
967,2019,31999
968,2017,16999
969,2019,55499
970,2019,46999
971,2019,25495
972,2019,36995
973,2019,30999
974,2019,24995
975,2019,44999
976,2019,29999
977,2016,19999
978,2017,23499
979,2018,28499
980,2020,39499
981,2017,24999
982,2017,13999
983,2019,26499
984,2020,26999
985,2020,23999
986,2020,23999
987,2020,25999
988,2018,23499
989,2018,19490
990,2019,29290
991,2019,20461
992,2017,23047
993,2015,17991
994,2016,20700
995,2019,33495
996,2015,16791
997,2016,17699
998,2019,27791
999,2019,18499
1000,2019,18499
1001,2019,18499
1002,2019,18499
1003,2019,18499
1004,2019,24491
1005,2020,54999
1006,2019,18499
1007,2018,27999
1008,2016,21299
1009,2017,17999
1010,2019,19999
1011,2019,104999
1012,2017,21999
1013,2017,24699
1014,2017,20999
1015,2020,24799
1016,2020,32999
1017,2019,24491
1018,2017,13999
1019,2019,39999
1020,2019,31990
1021,2018,20999
1022,2019,35499
1023,2017,24695
1024,2017,22350
1025,2015,16810
1026,2016,18238
1027,2016,18990
1028,2015,15637
1029,2015,16990
1030,2017,24994
1031,2019,21991
1032,2015,15498
1033,2017,54999
1034,2015,18999
1035,2018,26499
1036,2020,36995
1037,2020,31499
1038,2020,67999
1039,2020,52999
1040,2019,44999
1041,2020,34999
1042,2016,22680
1043,2017,23390
1044,2017,22440
1045,2016,17820
1046,2018,19350
1047,2017,16550
1048,2016,25980
1049,2018,16450
1050,2017,22970
1051,2016,19330
1052,2017,14998
1053,2014,15498
1054,2016,15998
1055,2016,16498
1056,2015,17960
1057,2015,16998
1058,2016,19698
1059,2017,29498
1060,2016,16998
1061,2017,16998
1062,2015,19998
1063,2016,14800
1064,2013,9881
1065,2014,13447
1066,2015,13498
1067,2016,19798
1068,2019,24450
1069,2019,20850
1070,2019,20380
1071,2019,20980
1072,2019,25640
1073,2018,17990
1074,2018,19490
1075,2018,19660
1076,2017,22590
1077,2017,19340
1078,2017,20780
1079,2015,15880
1080,2017,15840
1081,2017,20290
1082,2018,27880
1083,2017,21820
1084,2017,17600
1085,2016,19640
1086,2014,10650
1087,2016,13660
1088,2016,29950
1089,2018,19998
1090,2016,17450
1091,2016,18740
1092,2017,19990
1093,2017,29840
1094,2018,29440
1095,2019,19840
1096,2016,15290
1097,2016,14580
1098,2019,20780
1099,2017,23990
1100,2016,17498
1101,2017,26998
1102,2017,15750
1103,2017,16750
1104,2016,19750
1105,2017,29498
1106,2017,25498
1107,2014,13991
1108,2013,11991
1109,2017,18660
1110,2017,16980
1111,2019,28660
1112,2017,19490
1113,2017,21770
1114,2018,19991
1115,2019,25990
1116,2019,28660
1117,2019,19990
1118,2019,45550
1119,2016,19770
1120,2018,19950
1121,2018,15491
1122,2013,12210
1123,2016,14580
1124,2017,26600
1125,2014,13970
1126,2014,10990
1127,2013,15880
1128,2013,10630
1129,2014,15280
1130,2019,21490
1131,2014,8200
1132,2013,10857
1133,2017,27998
1134,2017,21498
1135,2016,19290
1136,2016,16390
1137,2016,12780
1138,2014,17660
1139,2018,20550
1140,2016,18350
1141,2018,18290
1142,2017,28998
1143,2015,30698
1144,2017,18798
1145,2017,27498
1146,2017,18298
1147,2014,9498
1148,2017,26998
1149,2015,14498
1150,2016,16998
1151,2015,19298
1152,2015,16990
1153,2015,13527
1154,2018,19998
1155,2013,15890
1156,2015,13240
1157,2013,16770
1158,2016,11990
1159,2017,19890
1160,2015,12880
1161,2017,18660
1162,2014,14498
1163,2015,16995
1164,2016,19798
1165,2017,22498
1166,2016,27998
1167,2016,16998
1168,2018,20498
1169,2016,21998
1170,2015,20498
1171,2016,19498
1172,2015,19298
1173,2015,21498
1174,2014,20998
1175,2018,31298
1176,2013,9498
1177,2019,19998
1178,2016,17998
1179,2019,22599
1180,2017,19999
1181,2018,24799
1182,2017,13499
1183,2014,10495
1184,2018,18995
1185,2017,36995
1186,2017,17495
1187,2017,18995
1188,2016,17495
1189,2019,37499
1190,2018,27495
1191,2019,21499
1192,2018,57995
1193,2018,56000
1194,2017,35995
1195,2019,22490
1196,2019,23395
1197,2019,21795
1198,2017,33495
1199,2018,39999
1200,2018,21999
1201,2014,23495
1202,2017,24790
1203,2019,46495
1204,2019,34790
1205,2016,23790
1206,2017,18495
1207,2019,22499
1208,2015,17960
1209,2014,17350
1210,2016,23920
1211,2018,20490
1212,2018,20490
1213,2018,18990
1214,2019,19990
1215,2017,22960
1216,2016,15770
1217,2019,22270
1218,2019,25795
1219,2016,25495
1220,2019,24999
1221,2016,28490
1222,2019,62495
1223,2018,28499
1224,2019,26890
1225,2019,35990
1226,2019,26885
1227,2017,27999
1228,2016,15699
1229,2017,18499
1230,2017,15499
1231,2019,25499
1232,2019,24995
1233,2019,26499
1234,2017,21495
1235,2019,24499
1236,2019,30495
1237,2019,29999
1238,2019,26499
1239,2017,31498
1240,2019,13498
1241,2015,17998
1242,2014,12498
1243,2014,15998
1244,2016,23998
1245,2016,27998
1246,2017,20498
1247,2017,19498
1248,2017,19698
1249,2016,14770
1250,2018,17218
1251,2016,16820
1252,2018,19097
1253,2018,19097
1254,2016,25100
1255,2016,16328
1256,2014,17330
1257,2017,17789
1258,2015,17044
1259,2020,23990
1260,2018,15500
1261,2020,21990
1262,2020,25990
1263,2017,24250
1264,2017,17330
1265,2015,13500
1266,2017,18795
1267,2015,15837
1268,2016,15220
1269,2016,17765
1270,2016,14220
1271,2017,22260
1272,2017,36999
1273,2016,19495
1274,2019,27799
1275,2016,18880
1276,2019,41880
1277,2019,30990
1278,2019,38880
1279,2019,28880
1280,2019,28990
1281,2016,18700
1282,2018,19495
1283,2017,16299
1284,2017,23499
1285,2017,79999
1286,2019,18499
1287,2019,19895
1288,2019,27595
1289,2018,22880
1290,2018,19097
1291,2018,19097
1292,2017,17997
1293,2019,16930
1294,2017,20500
1295,2017,19395
1296,2016,17863
1297,2016,20105
1298,2017,21100
1299,2016,18037
1300,2016,17997
1301,2018,18927
1302,2018,19127
1303,2019,28400
1304,2019,21835
1305,2019,20130
1306,2018,18436
1307,2016,22765
1308,2019,18718
1309,2016,17770
1310,2017,18433
1311,2017,19231
1312,2019,18499
1313,2020,34999
1314,2016,21440
1315,2015,16690
1316,2017,18447
1317,2016,17462
1318,2016,12456
1319,2017,16979
1320,2017,22170
1321,2018,15694
1322,2016,15490
1323,2017,19890
1324,2016,17690
1325,2016,17690
1326,2017,21290
1327,2020,35400
1328,2020,35400
1329,2020,25490
1330,2017,20990
1331,2018,20855
1332,2017,21115
1333,2019,19990
1334,2019,19990
1335,2019,21497
1336,2019,21840
1337,2017,16898
1338,2014,16498
1339,2017,31998
1340,2018,27498
1341,2016,19498
1342,2020,29999
1343,2017,16499
1344,2016,14999
1345,2016,18799
1346,2018,23499
1347,2017,19799
1348,2019,53999
1349,2019,19999
1350,2018,19297
1351,2018,18885
1352,2019,22990
1353,2019,18904
1354,2018,27698
1355,2016,7750
1356,2018,18250
1357,2018,28500
1358,2014,9500
1359,2016,18295
1360,2018,18995
1361,2017,23495
1362,2016,21995
1363,2017,26995
1364,2016,16695
1365,2018,41995
1366,2015,11995
1367,2017,15195
1368,2013,10995
1369,2017,21565
1370,2017,21697
1371,2017,20370
1372,2019,46770
1373,2013,24530
1374,2017,16190
1375,2016,20990
1376,2017,15990
1377,2015,15770
1378,2017,21690
1379,2014,14975
1380,2013,10950
1381,2014,13990
1382,2016,15750
1383,2016,15790
1384,2016,15990
1385,2014,12750
1386,2014,15990
1387,2017,18295
1388,2016,21295
1389,2014,12795
1390,2015,16995
1391,2017,18995
1392,2017,18990
1393,2015,17450
1394,2013,14990
1395,2018,21990
1396,2013,14750
1397,2014,13950
1398,2017,16450
1399,2017,14950
1400,2017,27950
1401,2016,11450
1402,2016,18250
1403,2017,17495
1404,2018,16195
1405,2016,24495
1406,2017,25995
1407,2014,15495
1408,2014,12450
1409,2015,14990
1410,2015,17790
1411,2015,13490
1412,2016,17990
1413,2015,25990
1414,2016,15290
1415,2014,11990
1416,2017,15495
1417,2016,14495
1418,2016,15295
1419,2016,20995
1420,2016,17699
1421,2017,17299
1422,2018,16499
1423,2016,16499
1424,2018,20495
1425,2019,24736
1426,2019,33995
1427,2017,18495
1428,2017,28699
1429,2015,17491
1430,2019,28995
1431,2019,47995
1432,2019,24795
1433,2016,13999
1434,2017,15999
1435,2016,19501
1436,2018,21495
1437,2017,14995
1438,2019,26499
1439,2018,41999
1440,2019,25499
1441,2018,31950
1442,2016,18795
1443,2018,22499
1444,2017,15065
1445,2017,21190
1446,2017,22998
1447,2018,18998
1448,2014,12998
1449,2015,14998
1450,2014,12498
1451,2015,12998
1452,2014,11498
1453,2017,21595
1454,2017,21295
1455,2016,19995
1456,2018,21795
1457,2018,21495
1458,2018,20795
1459,2014,13799
1460,2019,24999
1461,2019,26499
1462,2019,21499
1463,2014,9999
1464,2019,26999
1465,2017,19999
1466,2015,19995
1467,2020,32499
1468,2015,13448
1469,2018,33991
1470,2020,31991
1471,2019,37891
1472,2019,22995
1473,2019,39950
1474,2016,14495
1475,2015,13995
1476,2016,22499
1477,2017,26999
1478,2015,15995
1479,2019,21995
1480,2017,25995
1481,2016,19990
1482,2014,10190
1483,2016,18995
1484,2015,17485
1485,2017,17695
1486,2016,19845
1487,2016,23245
1488,2016,19495
1489,2017,15995
1490,2016,15998
1491,2017,24698
1492,2017,30998
1493,2016,14398
1494,2015,15998
1495,2014,15998
1496,2017,23998
1497,2018,21996
1498,2018,19346
1499,2019,20391
1500,2019,20995
1501,2018,19950
1502,2013,11950
1503,2016,15995
1504,2013,11950
1505,2016,15995
1506,2018,19950
1507,2017,17695
1508,2016,21995
1509,2016,21495
1510,2017,16679
1511,2013,11036
1512,2013,12498
1513,2015,14998
1514,2015,15998
1515,2014,13750
1516,2016,22995
1517,2019,18990
1518,2018,17990
1519,2017,16490
1520,2016,36999
1521,2015,14490
1522,2016,15490
1523,2014,9914
1524,2017,16350
1525,2015,10477
1526,2014,11353
1527,2017,20998
1528,2015,12498
1529,2018,18998
1530,2017,19780
1531,2016,14056
1532,2015,15300
1533,2016,15990
1534,2017,19498
1535,2016,28498
1536,2017,18995
1537,2014,8160
1538,2017,19810
1539,2015,16998
1540,2017,16998
1541,2016,20498
1542,2019,21998
1543,2015,12798
1544,2014,10490
1545,2017,20157
1546,2015,22553
1547,2017,38000
1548,2017,27250
1549,2015,11850
1550,2015,22500
1551,2016,16990
1552,2016,17240
1553,2015,11990
1554,2014,16360
1555,2018,27500
1556,2014,11999
1557,2017,27498
1558,2017,15998
1559,2015,14999
1560,2017,17000
1561,2017,16210
1562,2016,16747
1563,2015,11640
1564,2018,23440
1565,2018,17495
1566,2016,16490
1567,2017,20400
1568,2014,14790
1569,2016,16990
1570,2014,10790
1571,2017,16998
1572,2017,19998
1573,2013,8998
1574,2016,15870
1575,2016,16700
1576,2016,16990
1577,2015,10490
1578,2014,11149
1579,2016,17490
1580,2014,13532
1581,2017,22881
1582,2015,16490
1583,2015,16500
1584,2016,25750
1585,2017,27495
1586,2016,20995
1587,2016,28495
1588,2018,25495
1589,2015,13177
1590,2014,15971
1591,2015,18500
1592,2016,15765
1593,2014,14495
1594,2016,15990
1595,2016,16500
1596,2015,18500
1597,2014,13250
1598,2014,15250
1599,2016,24000
1600,2015,15000
1601,2016,14250
1602,2017,20498
1603,2015,18902
1604,2016,24486
1605,2017,19696
1606,2018,18562
1607,2017,13790
1608,2016,14590
1609,2018,16998
1610,2015,14698
1611,2014,14288
1612,2013,9750
1613,2017,20995
1614,2017,15995
1615,2015,11995
1616,2017,14995
1617,2016,16995
1618,2016,11495
1619,2015,22965
1620,2017,19465
1621,2013,13965
1622,2016,16965
1623,2018,19998
1624,2013,9480
1625,2019,27036
1626,2019,25276
1627,2019,27316
1628,2019,22096
1629,2019,30236
1630,2019,22096
1631,2017,16402
1632,2019,20682
1633,2018,29232
1634,2016,12862
1635,2013,10996
1636,2015,13490
1637,2017,17490
1638,2016,16990
1639,2014,11472
1640,2016,27995
1641,2015,12995
1642,2015,19600
1643,2015,15500
1644,2020,25980
1645,2017,18012
1646,2017,22532
1647,2015,20412
1648,2018,22412
1649,2018,31026
1650,2019,25146
1651,2019,22076
1652,2017,18936
1653,2017,19722
1654,2016,17990
1655,2017,20981
1656,2016,20782
1657,2019,67600
1658,2017,16592
1659,2018,29712
1660,2019,20776
1661,2018,19998
1662,2017,17765
1663,2018,18265
1664,2014,10765
1665,2016,16999
1666,2014,9761
1667,2017,16070
1668,2017,17990
1669,2014,11300
1670,2017,21440
1671,2019,23990
1672,2017,20200
1673,2019,58800
1674,2019,44160
1675,2018,30991
1676,2014,16990
1677,2013,27482
1678,2017,18966
1679,2018,42732
1680,2019,57383
1681,2017,21330
1682,2018,19660
1683,2017,22990
1684,2018,22770
1685,2018,19775
1686,2017,24660
1687,2017,22495
1688,2019,34420
1689,2019,26470
1690,2019,32300
1691,2019,34820
1692,2016,16362
1693,2017,17092
1694,2019,35590
1695,2019,21630
1696,2019,33530
1697,2020,27480
1698,2017,17891
1699,2017,17991
1700,2018,30862
1701,2015,37871
1702,2017,19922
1703,2015,13491
1704,2016,19491
1705,2017,17791
1706,2016,21691
1707,2017,13991
1708,2019,28010
1709,2019,52800
1710,2019,21480
1711,2019,23480
1712,2019,30000
1713,2019,28800
1714,2019,26990
1715,2019,42600
1716,2019,20000
1717,2015,19600
1718,2017,15490
1719,2019,24451
1720,2019,28980
1721,2020,24260
1722,2020,28220
1723,2020,20350
1724,2017,41391
1725,2017,28012
1726,2020,25961
1727,2018,28482
1728,2019,49280
1729,2019,28810
1730,2019,35980
1731,2019,30000
1732,2019,23540
1733,2019,26480
1734,2017,27498
1735,2016,34981
1736,2017,16567
1737,2018,28172
1738,2017,24481
1739,2017,14702
1740,2019,25905
1741,2017,19932
1742,2019,37045
1743,2016,15382
1744,2019,44970
1745,2019,47990
1746,2016,20563
1747,2016,15541
1748,2018,23102
1749,2016,18431
1750,2015,17901
1751,2017,19971
1752,2018,17871
1753,2018,26281
1754,2017,15790
1755,2019,17699
1756,2014,14795
1757,2018,19840
1758,2014,13791
1759,2014,11040
1760,2017,24360
1761,2017,17990
1762,2017,16495
1763,2013,12230
1764,2019,28332
1765,2017,27892
1766,2017,22332
1767,2016,17992
1768,2017,20472
1769,2017,15012
1770,2019,22276
1771,2019,37980
1772,2019,38570
1773,2016,14152
1774,2017,18990
1775,2014,16990
1776,2014,12750
1777,2015,22795
1778,2017,20895
1779,2018,15732
1780,2016,18833
1781,2018,28306
1782,2017,19502
1783,2019,22306
1784,2017,13600
1785,2016,14700
1786,2016,13200
1787,2014,13100
1788,2015,10914
1789,2013,10404
1790,2013,8500
1791,2017,24180
1792,2016,10691
1793,2018,19998
1794,2016,15790
1795,2016,15310
1796,2014,9742
1797,2016,16820
1798,2016,17950
1799,2018,37493
1800,2019,20750
1801,2019,18450
1802,2013,10880
1803,2017,15267
1804,2016,18340
1805,2018,21240
1806,2017,20340
1807,2016,18247
1808,2015,13547
1809,2016,14933
1810,2015,13917
1811,2014,10490
1812,2016,24240
1813,2017,19980
1814,2015,11710
1815,2018,22640
1816,2017,19891
1817,2018,19891
1818,2019,21699
1819,2017,18898
1820,2016,25498
1821,2016,15480
1822,2013,12500
1823,2015,15990
1824,2018,18998
1825,2017,24998
1826,2017,20498
1827,2013,11298
1828,2013,8498
1829,2017,16500
1830,2015,14992
1831,2014,15790
1832,2017,16045
1833,2016,14830
1834,2016,15640
1835,2017,16980
1836,2018,19950
1837,2018,19950
1838,2018,19950
1839,2016,17770
1840,2020,19890
1841,2018,21430
1842,2018,22240
1843,2018,24810
1844,2017,17420
1845,2019,33160
1846,2017,28240
1847,2016,16780
1848,2016,11970
1849,2016,16350
1850,2018,17320
1851,2019,26550
1852,2016,16590
1853,2017,26620
1854,2018,19860
1855,2013,9770
1856,2019,20150
1857,2016,29090
1858,2018,44150
1859,2015,16260
1860,2014,19420
1861,2015,15480
1862,2015,15640
1863,2019,31980
1864,2015,14980
1865,2018,28860
1866,2018,18640
1867,2018,18560
1868,2018,18920
1869,2014,17840
1870,2018,18870
1871,2017,15970
1872,2017,17360
1873,2016,14980
1874,2014,20860
1875,2017,15090
1876,2017,19260
1877,2018,28220
1878,2019,21660
1879,2019,21490
1880,2019,19720
1881,2019,20270
1882,2019,20640
1883,2019,23490
1884,2016,17490
1885,2017,18990
1886,2019,29990
1887,2016,19860
1888,2018,17760
1889,2016,19760
1890,2019,27990
1891,2019,25490
1892,2019,51990
1893,2017,19990
1894,2016,19490
1895,2019,20990
1896,2015,18490
1897,2015,13870
1898,2016,29570
1899,2015,20460
1900,2016,16120
1901,2017,20410
1902,2016,27260
1903,2015,15360
1904,2020,59995
1905,2020,69995
1906,2020,28995
1907,2020,31995
1908,2017,31995
1909,2018,79995
1910,2019,38995
1911,2017,19495
1912,2019,24495
1913,2019,33480
1914,2019,20490
1915,2017,12920
1916,2018,22480
1917,2016,17228
1918,2017,27980
1919,2019,19980
1920,2017,18340
1921,2019,33140
1922,2019,29240
1923,2017,28995
1924,2019,57995
1925,2017,17995
1926,2019,32995
1927,2016,26495
1928,2020,39995
1929,2020,35995
1930,2020,37995
1931,2020,43995
1932,2020,65995
1933,2015,10397
1934,2014,9890
1935,2014,10610
1936,2015,10610
1937,2020,44995
1938,2019,23995
1939,2019,25495
1940,2019,31495
1941,2019,25995
1942,2019,25495
1943,2019,38995
1944,2019,39995
1945,2019,20495
1946,2018,22495
1947,2020,29995
1948,2020,26995
1949,2019,23480
1950,2019,18760
1951,2016,18260
1952,2017,18970
1953,2017,25260
1954,2017,17420
1955,2017,16120
1956,2016,21870
1957,2017,19760
1958,2017,18870
1959,2017,16880
1960,2014,20965
1961,2017,14965
1962,2015,13532
1963,2014,10500
1964,2019,31750
1965,2016,22495
1966,2018,49995
1967,2019,37995
1968,2013,21495
1969,2016,17995
1970,2016,24495
1971,2016,19995
1972,2019,51995
1973,2019,28871
1974,2017,18961
1975,2019,24995
1976,2019,24995
1977,2019,25995
1978,2019,27995
1979,2019,25495
1980,2019,109995
1981,2019,39995
1982,2019,24995
1983,2018,33000
1984,2018,23000
1985,2018,19000
1986,2018,19000
1987,2018,18490
1988,2016,16260
1989,2014,10500
1990,2018,22000
1991,2020,37990
1992,2017,20472
1993,2016,15952
1994,2017,15122
1995,2015,15542
1996,2017,31342
1997,2018,29172
1998,2017,24702
1999,2016,14331
2000,2017,21122
2001,2019,20596
2002,2017,30971
2003,2017,18372
2004,2018,22022
2005,2015,16592
2006,2019,22702
2007,2018,25882
2008,2019,29046
2009,2019,20096
2010,2018,27462
2011,2019,26256
2012,2018,31990
2013,2018,29490
2014,2018,21490
2015,2019,21690
2016,2016,19490
2017,2016,18690
2018,2017,26000
2019,2017,18300
2020,2017,25232
2021,2017,23072
2022,2019,30182
2023,2019,26176
2024,2018,30022
2025,2016,19502
2026,2017,22482
2027,2018,27902
2028,2016,18495
2029,2017,15495
2030,2017,30995
2031,2016,24495
2032,2019,27495
2033,2020,45995
2034,2018,78995
2035,2017,25995
2036,2016,36995
2037,2016,17102
2038,2019,38995
2039,2018,30202
2040,2013,12622
2041,2016,24995
2042,2017,26498
2043,2017,26998
2044,2016,16998
2045,2017,17891
2046,2016,20871
2047,2019,25691
2048,2015,10291
2049,2014,12981
2050,2017,17892
2051,2017,16722
2052,2017,22792
2053,2019,41070
2054,2019,79480
2055,2019,29730
2056,2016,17822
2057,2015,19132
2058,2017,19602
2059,2018,42510
2060,2019,21590
2061,2019,28995
2062,2019,39995
2063,2017,22495
2064,2019,39995
2065,2018,24995
2066,2016,29995
2067,2019,38995
2068,2019,24995
2069,2016,23495
2070,2018,45071
2071,2015,15181
2072,2017,29151
2073,2017,20612
2074,2016,18211
2075,2016,13891
2076,2018,28372
2077,2017,21182
2078,2019,49780
2079,2019,23480
2080,2019,21400
2081,2019,28490
2082,2019,36990
2083,2019,55491
2084,2019,39990
2085,2019,41990
2086,2019,34990
2087,2020,42490
2088,2018,33450
2089,2019,38610
2090,2019,34990
2091,2016,21481
2092,2019,56499
2093,2019,28290
2094,2017,16770
2095,2013,12490
2096,2017,21734
2097,2015,11623
2098,2016,18391
2099,2016,14555
2100,2016,16585
2101,2014,14941
2102,2017,17712
2103,2019,21480
2104,2017,20022
2105,2017,17313
2106,2017,24352
2107,2017,20961
2108,2015,13022
2109,2017,25498
2110,2016,21698
2111,2016,19998
2112,2019,20498
2113,2015,15998
2114,2016,25998
2115,2015,12498
2116,2018,24998
2117,2014,12468
2118,2014,10991
2119,2016,17221
2120,2017,20091
2121,2013,8450
2122,2017,16490
2123,2018,18750
2124,2018,20911
2125,2017,21291
2126,2017,12730
2127,2018,21331
2128,2018,28990
2129,2018,30881
2130,2019,46931
2131,2017,17565
2132,2015,15790
2133,2020,36990
2134,2017,15943
2135,2016,25491
2136,2015,14984
2137,2020,20850
2138,2017,17016
2139,2017,16015
2140,2017,22495
2141,2019,69995
2142,2018,72995
2143,2018,19491
2144,2016,27050
2145,2017,19450
2146,2020,23970
2147,2018,18691
2148,2016,22650
2149,2016,19297
2150,2018,17991
2151,2017,15695
2152,2018,20991
2153,2019,20080
2154,2019,19592
2155,2019,27810
2156,2019,36247
2157,2016,19700
2158,2018,28750
2159,2018,19470
2160,2017,20997
2161,2016,19370
2162,2017,26790
2163,2017,19751
2164,2017,20795
2165,2016,18991
2166,2017,30500
2167,2017,28795
2168,2017,22740
2169,2018,31850
2170,2019,44500
2171,2018,21996
2172,2018,18991
2173,2017,15280
2174,2017,19150
2175,2017,19070
2176,2017,15490
2177,2017,35420
2178,2014,13000
2179,2017,29500
2180,2017,33000
2181,2018,28350
2182,2015,32250
2183,2018,53750
2184,2014,16500
2185,2016,13995
2186,2017,26998
2187,2017,28998
2188,2017,31055
2189,2017,18115
2190,2016,14541
2191,2017,20000
2192,2016,14750
2193,2018,18551
2194,2017,20150
2195,2018,17689
2196,2018,19005
2197,2015,14241
2198,2015,14340
2199,2013,12013
2200,2017,27645
2201,2019,28887
2202,2018,23247
2203,2017,20737
2204,2017,22720
2205,2017,23615
2206,2018,25498
2207,2018,20998
2208,2016,17498
2209,2015,10998
2210,2016,15798
2211,2017,16495
2212,2014,16650
2213,2017,27498
2214,2018,25298
2215,2016,28798
2216,2020,26850
2217,2019,44890
2218,2019,23996
2219,2018,18691
2220,2019,25991
2221,2019,25491
2222,2019,27998
2223,2017,34998
2224,2013,12362
2225,2017,18240
2226,2017,18231
2227,2014,14601
2228,2016,20365
2229,2014,19194
2230,2019,30350
2231,2016,13480
2232,2016,21505
2233,2016,41750
2234,2017,19621
2235,2016,27880
2236,2020,25980
2237,2020,25980
2238,2017,22780
2239,2020,22480
2240,2020,56980
2241,2020,49980
2242,2019,28980
2243,2016,17391
2244,2018,18590
2245,2017,27357
2246,2018,19403
2247,2018,24791
2248,2019,27100
2249,2018,23635
2250,2015,16581
2251,2016,27685
2252,2017,20150
2253,2016,19431
2254,2017,19891
2255,2019,41500
2256,2019,35980
2257,2018,33000
2258,2016,24480
2259,2016,20480
2260,2017,27000
2261,2016,21000
2262,2018,21980
2263,2019,50480
2264,2019,26999
2265,2017,20555
2266,2016,20995
2267,2015,17790
2268,2016,22661
2269,2013,10664
2270,2014,13890
2271,2016,22510
2272,2018,22991
2273,2016,17995
2274,2020,64980
2275,2019,20980
2276,2019,28429
2277,2019,23980
2278,2019,49980
2279,2019,49980
2280,2019,38000
2281,2020,25480
2282,2020,32480
2283,2020,24480
2284,2019,39980
2285,2019,46980
2286,2017,19480
2287,2016,34980
2288,2016,17680
2289,2019,24780
2290,2017,34980
2291,2019,45980
2292,2016,16480
2293,2020,41980
2294,2019,31980
2295,2020,25980
2296,2019,52000
2297,2016,19750
2298,2017,28498
2299,2015,14998
2300,2016,21498
2301,2017,15298
2302,2017,15490
2303,2017,18000
2304,2017,15000
2305,2017,13500
2306,2018,18450
2307,2019,17950
2308,2019,20750
2309,2019,20950
2310,2017,16299
2311,2017,31994
2312,2020,31991
2313,2019,34491
2314,2019,24991
2315,2019,25926
2316,2019,22995
2317,2017,27380
2318,2016,24741
2319,2016,16657
2320,2016,18304
2321,2016,21980
2322,2016,14740
2323,2018,19385
2324,2019,34980
2325,2016,24340
2326,2016,17940
2327,2019,32480
2328,2019,54500
2329,2017,40980
2330,2016,28980
2331,2019,28480
2332,2018,30000
2333,2019,25980
2334,2019,30480
2335,2019,28480
2336,2019,24980
2337,2017,19250
2338,2014,9480
2339,2016,16480
2340,2015,15490
2341,2014,19980
2342,2017,18990
2343,2019,20480
2344,2017,17833
2345,2017,15178
2346,2018,21790
2347,2019,34640
2348,2017,13980
2349,2016,17624
2350,2016,16249
2351,2016,13290
2352,2018,27980
2353,2018,28480
2354,2016,15740
2355,2015,29955
2356,2017,14980
2357,2017,18830
2358,2014,14980
2359,2020,26480
2360,2020,29880
2361,2017,23990
2362,2016,22790
2363,2019,27480
2364,2017,19480
2365,2017,13980
2366,2016,16329
2367,2016,18341
2368,2017,14485
2369,2014,11915
2370,2017,12563
2371,2017,16065
2372,2017,15896
2373,2017,15281
2374,2017,16633
2375,2013,17481
2376,2018,17938
2377,2015,19990
2378,2017,19891
2379,2017,21630
2380,2017,20560
2381,2018,16492
2382,2018,16780
2383,2016,19024
2384,2017,18800
2385,2018,16396
2386,2017,16868
2387,2013,11480
2388,2017,18500
2389,2019,24980
2390,2019,18381
2391,2019,18429
2392,2019,27227
2393,2019,17895
2394,2017,22470
2395,2018,17894
2396,2018,20150
2397,2018,17702
2398,2017,27480
2399,2019,18490
2400,2019,17702
2401,2019,29890
2402,2019,17728
2403,2017,18480
2404,2013,10980
2405,2016,25775
2406,2019,28480
2407,2019,20980
2408,2016,18280
2409,2017,23250
2410,2019,22980
2411,2019,26480
2412,2019,19980
2413,2019,22980
2414,2018,21000
2415,2018,18500
2416,2016,24898
2417,2015,13898
2418,2015,11698
2419,2017,18498
2420,2019,22498
2421,2019,24998
2422,2017,16998
2423,2016,22498
2424,2018,16898
2425,2017,19498
2426,2019,28000
2427,2019,31000
2428,2019,34500
2429,2019,26000
2430,2017,31000
2431,2019,27000
2432,2019,27000
2433,2020,46000
2434,2016,15498
2435,2020,24298
2436,2018,17980
2437,2019,27980
2438,2019,28480
2439,2018,24480
2440,2019,25780
2441,2019,25780
2442,2018,30480
2443,2018,30000
2444,2018,19480
2445,2019,47980
2446,2016,30752
2447,2018,27622
2448,2015,12672
2449,2018,32991
2450,2017,22852
2451,2015,15212
2452,2016,18991
2453,2016,18362
2454,2014,15802
2455,2018,23012
2456,2016,18116
2457,2014,10532
2458,2017,17880
2459,2019,30572
2460,2019,29782
2461,2019,27066
2462,2019,29886
2463,2016,20092
2464,2018,30982
2465,2016,18366
2466,2016,36491
2467,2017,57752
2468,2017,33202
2469,2018,32224
2470,2019,22998
2471,2017,16498
2472,2013,9480
2473,2017,18500
2474,2018,49891
2475,2017,20175
2476,2018,18411
2477,2017,20395
2478,2018,22525
2479,2017,18740
2480,2018,27242
2481,2019,20676
2482,2019,31946
2483,2019,23816
2484,2019,24306
2485,2015,17682
2486,2019,66990
2487,2019,53122
2488,2017,25172
2489,2017,20886
2490,2017,23372
2491,2017,30586
2492,2020,25991
2493,2017,29991
2494,2018,26254
2495,2019,28466
2496,2017,14286
2497,2018,27482
2498,2018,29532
2499,2019,46236
2500,2018,27786
2501,2018,41366
2502,2018,30423
2503,2019,26925
2504,2016,24028
2505,2017,19032
2506,2018,16495
2507,2016,18490
2508,2014,13650
2509,2016,18390
2510,2018,16047
2511,2014,11972
2512,2014,13251
2513,2013,9691
2514,2015,15150
2515,2015,13390
2516,2017,21732
2517,2017,16722
2518,2019,55830
2519,2019,44410
2520,2019,49883
2521,2019,26530
2522,2019,25830
2523,2020,33111
2525,2020,42990
2526,2015,11632
2527,2019,22980
2528,2018,30500
2529,2018,29480
2530,2018,20980
2531,2019,24980
2532,2019,24000
2533,2017,14980
2534,2019,32980
2535,2019,23980
2536,2019,30980
2537,2019,34544
2538,2013,10662
2539,2015,15632
2540,2016,24642
2541,2017,16862
2542,2019,34070
2543,2016,19671
2544,2017,17230
2545,2013,10491
2546,2016,14480
2547,2019,28480
2548,2019,29480
2549,2019,42000
2550,2019,52500
2551,2017,17800
2552,2017,16000
2553,2015,11995
2554,2015,17498
2555,2018,24676
2556,2017,25210
2557,2017,21991
2558,2017,49991
2559,2017,21062
2561,2019,32480
2562,2018,25812
2563,2016,19012
2564,2013,15182
2565,2017,15781
2566,2017,16781
2567,2017,20352
2568,2016,36182
2569,2015,17042
2570,2017,31352
2571,2016,16556
2572,2017,19852
2573,2018,28652
2574,2018,17092
2575,2019,24890
2576,2018,30592
2577,2015,23472
2578,2017,15981
2579,2017,22576
2580,2019,20776
2581,2017,24481
2582,2016,28293
2583,2019,31040
2584,2017,21032
2585,2019,20482
2586,2019,28896
2587,2019,19546
2588,2017,13981
2589,2015,17972
2590,2019,48896
2591,2019,30516
2592,2019,23206
2593,2019,27826
2594,2016,25532
2595,2017,20542
2596,2020,42781
2597,2020,39981
2598,2020,37981
2599,2020,27681
2600,2019,53581
2601,2020,26981
2602,2017,34981
2603,2018,19902
2604,2019,25636
2605,2019,26056
2606,2019,22156
2607,2019,48502
2608,2017,17282
2609,2019,31716
2610,2019,21990
2611,2019,47981
2612,2019,43981
2613,2019,41570
2614,2019,22550
2615,2019,55981
2616,2019,50981
2617,2019,30481
2618,2015,17712
2619,2017,23192
2620,2013,16822
2621,2018,23512
2622,2019,59830
2623,2016,17902
2624,2019,35562
2625,2019,29592
2626,2018,21282
2627,2019,28681
2628,2019,29481
2629,2019,123846
2630,2019,40991
2631,2019,43591
2632,2019,40991
2633,2018,24892
2634,2019,77890
2635,2016,14162
2636,2018,23022
2637,2016,19392
2638,2019,37481
2639,2019,42676
2640,2019,30581
2641,2019,41681
2642,2019,59922
2643,2017,21142
2644,2017,21602
2645,2016,21481
2646,2017,16852
2647,2019,125796
2648,2019,39290
2649,2015,13822
2650,2017,27462
2651,2020,46481
2652,2020,26981
2653,2017,24992
2654,2019,55981
2655,2015,24981
2656,2017,16481
2657,2017,21481
2658,2019,25481
2659,2019,23216
2660,2017,14812
2661,2018,29442
2662,2015,14092
2663,2017,17100
2664,2015,15020
2665,2017,18890
2666,2016,15572
2667,2017,20282
2668,2017,21481
2669,2016,16890
2670,2016,15504
2671,2016,19980
2672,2017,21380
2673,2017,34647
2674,2019,30000
2675,2018,39000
2676,2013,10190
2677,2020,28490
2678,2019,29260
2679,2017,15981
2680,2016,19481
2681,2017,23981
2682,2017,32981
2683,2017,25481
2684,2017,19212
2685,2016,15502
2686,2017,25915
2687,2017,18337
2688,2016,27577
2689,2016,20677
2690,2017,28880
2691,2016,11900
2692,2016,20480
2693,2019,53991
2694,2020,42991
2695,2020,29991
2696,2020,25491
2697,2019,44631
2698,2016,18342
2699,2018,18600
2700,2018,29400
2701,2017,17548
2702,2016,16294
2703,2019,25991
2704,2019,25791
2705,2019,22250
2706,2019,19424
2707,2019,29990
2708,2019,18900
2709,2019,29260
2710,2019,24510
2711,2018,21991
2712,2018,24220
2713,2014,13750
2714,2014,16190
2715,2019,18990
2716,2016,15703
2717,2017,28490
2718,2017,24100
2719,2018,19498
2720,2018,18998
2721,2015,21698
2722,2019,19998
2723,2017,17480
2724,2020,22980
2725,2016,14480
2726,2019,73980
2727,2019,31980
2728,2019,44980
2729,2019,21980
2730,2015,13750
2731,2016,27480
2732,2019,31480
2733,2020,49980
2734,2019,30480
2735,2019,35980
2736,2019,32480
2737,2019,31480
2738,2017,20480
2739,2016,28980
2740,2017,22000
2741,2016,20480
2742,2016,19000
2743,2019,27991
2744,2013,11878
2745,2017,38750
2746,2017,17891
2747,2017,18991
2748,2016,19490
2749,2017,20000
2750,2016,17480
2751,2016,14500
2752,2017,17490
2753,2018,31490
2754,2014,13967
2755,2016,18998
2756,2019,22998
2757,2018,19998
2758,2018,19998
2759,2020,21480
2760,2017,16850
2761,2019,33900
2762,2019,20398
2763,2019,28480
2764,2015,14611
2765,2019,28990
2766,2019,35740
2767,2019,24980
2768,2019,29980
2769,2016,22480
2770,2017,21000
2771,2017,22000
2772,2015,15980
2773,2019,31980
2774,2019,47480
2775,2019,31000
2776,2017,25980
2777,2017,22480
2778,2018,18750
2779,2019,26980
2780,2019,22980
2781,2019,22980
2782,2019,25980
2783,2019,25980
2784,2019,19250
2785,2016,18290
2786,2018,20260
2787,2020,28590
2788,2019,20890
2789,2020,21991
2790,2019,23991
2791,2019,18138
2792,2017,17127
2793,2016,17491
2794,2019,28351
2795,2019,29000
2796,2019,23980
2797,2018,38980
2798,2019,39980
2799,2019,31480
2800,2019,47980
2801,2019,44980
2802,2018,29500
2803,2016,23980
2804,2017,22000
2805,2019,29500
2806,2019,37000
2807,2019,25780
2808,2017,18480
2809,2018,19480
2810,2019,46980
2811,2019,34980
2812,2018,27980
2813,2018,25500
2814,2017,22500
2815,2017,28980
2816,2019,23480
2817,2016,14981
2818,2014,15981
2819,2017,17981
2820,2018,25302
2821,2019,29532
2822,2016,14312
2823,2016,29852
2824,2018,16552
2825,2019,46481
2826,2015,23981
2827,2016,17841
2828,2019,18480
2829,2019,36000
2830,2019,17980
2831,2019,18480
2832,2019,22480
2833,2019,25980
2834,2019,30980
2835,2019,24480
2836,2019,24980
2837,2019,18480
2838,2015,15481
2839,2016,27981
2840,2016,16591
2841,2016,18481
2842,2018,21526
2843,2017,17192
2844,2017,23981
2845,2018,34981
2846,2017,34981
2847,2017,24481
2848,2017,18480
2849,2016,16980
2850,2017,15280
2851,2016,17480
2852,2016,29000
2853,2018,33980
2854,2016,19000
2855,2015,14000
2856,2017,26000
2857,2018,15980
2858,2014,17500
2859,2016,13995
2860,2016,17250
2861,2014,11250
2862,2016,16120
2863,2016,15096
2864,2015,19891
2865,2017,13610
2866,2017,12699
2867,2018,19800
2868,2019,20691
2869,2018,19346
2870,2019,20391
2871,2019,22995
2872,2017,18995
2873,2017,16995
2874,2013,9550
2875,2017,23242
2876,2017,23242
2877,2017,21500
2878,2019,35980
2879,2020,23980
2880,2020,24980
2881,2020,33980
2882,2019,23980
2883,2019,24480
2884,2019,23980
2885,2018,46980
2886,2017,31980
2887,2017,30980
2888,2020,29980
2889,2019,54980
2890,2019,31980
2891,2020,26980
2892,2017,24480
2893,2015,13500
2894,2019,21994
2895,2019,25980
2896,2019,29980
2897,2015,18980
2898,2014,16964
2899,2019,26980
2900,2019,22480
2901,2019,22980
2902,2019,23979
2903,2019,24980
2904,2019,30980
2905,2019,35980
2906,2019,35980
2907,2020,36980
2908,2019,31980
2909,2015,15694
2910,2016,17298
2911,2015,17298
2912,2019,18991
2913,2014,13490
2914,2017,16249
2915,2018,22680
2916,2014,11995
2917,2019,24895
2918,2018,19980
2919,2019,24980
2920,2019,25480
2921,2019,25480
2922,2020,26980
2923,2020,26980
2924,2018,22980
2925,2019,39980
2926,2019,24780
2927,2019,26780
2928,2019,20480
2929,2019,25980
2930,2018,25980
2931,2016,17980
2932,2019,34980
2933,2018,21980
2934,2019,25480
2935,2020,24980
2936,2019,38500
2937,2017,29480
2938,2019,31480
2939,2020,59980
2940,2020,22980
2941,2020,31980
2942,2020,31980
2943,2020,27980
2944,2020,27980
2945,2020,27980
2946,2019,29980
2947,2020,32980
2948,2020,62980
2949,2020,33980
2950,2020,33980
2951,2020,39980
2952,2019,49980
2953,2019,45980
2954,2020,49980
2955,2020,49980
2956,2020,64980
2957,2016,17480
2958,2019,23980
2959,2019,29980
2960,2019,26980
2961,2019,25480
2962,2019,26980
2963,2019,26980
2964,2020,39980
2965,2020,39980
2966,2019,25780
2967,2019,23480
2968,2017,22980
2969,2018,19480
2970,2019,27980
2971,2019,30980
2972,2016,16480
2973,2020,35980
2974,2020,36980
2975,2020,26980
2976,2020,26980
2977,2020,23980
2978,2019,45980
2979,2020,48980
2980,2020,38980
2981,2020,47980
2982,2019,20980
2983,2019,30980
2984,2019,23780
2985,2015,13680
2986,2019,23980
2987,2019,26980
2988,2019,25780
2989,2019,28980
2990,2019,23480
2991,2019,23980
2992,2019,20480
2993,2019,24780
2994,2019,27980
2995,2019,29480
2996,2019,28980
2997,2019,19980
2998,2019,26980
2999,2019,20280
3000,2020,27980
3001,2020,49980
3002,2020,24480
3003,2020,32480
3004,2019,20780
3005,2019,25780
3006,2019,25780
3007,2019,26980
3008,2013,16991
3009,2019,24780
3010,2019,24780
3011,2020,25480
3012,2016,34480
3013,2016,16980
3014,2020,24980
3015,2020,31480
3016,2019,53980
3017,2018,27480
3018,2015,26480
3019,2017,20980
3020,2019,30980
3021,2017,23480
3022,2017,24980
3023,2016,18480
3024,2016,15480
3025,2019,34480
3026,2020,38980
3027,2019,25780
3028,2019,24780
3029,2019,24780
3030,2019,24780
3031,2019,20480
3032,2019,26980
3033,2019,26980
3034,2016,33480
3035,2016,27480
3036,2017,24880
3037,2016,19480
3038,2017,18480
3039,2016,26780
3040,2017,46980
3041,2016,29480
3042,2018,21480
3043,2015,26680
3044,2019,30980
3045,2019,35980
3046,2019,32980
3047,2019,36980
3048,2019,29480
3049,2016,19380
3050,2019,37980
3051,2019,46980
3052,2019,27000
3053,2019,35980
3054,2016,20500
3055,2019,34980
3056,2019,67980
3057,2019,24480
3058,2019,31980
3059,2019,22980
3060,2019,49980
3061,2019,30980
3062,2020,33980
3063,2017,23480
3064,2017,22480
3065,2019,24980
3066,2019,24980
3067,2019,26500
3068,2019,24000
3069,2017,30980
3070,2015,16480
3071,2017,18780
3072,2017,19980
3073,2019,26980
3074,2019,25780
3075,2017,17980
3076,2018,32480
3077,2019,28480
3078,2019,27480
3079,2015,16480
3080,2016,25980
3081,2016,19480
3082,2020,43980
3083,2019,20980
3084,2016,19980
3085,2019,19980
3086,2018,23780
3087,2018,29480
3088,2018,25480
3089,2018,25480
3090,2018,25480
3091,2018,25480
3092,2017,45480
3093,2020,32980
3094,2020,39980
3095,2019,36980
3096,2019,36980
3097,2016,20780
3098,2018,23480
3099,2016,20480
3100,2018,26980
3101,2017,22480
3102,2016,35980
3103,2019,57980
3104,2019,33980
3105,2019,31980
3106,2015,23480
3107,2019,27500
3108,2019,26000
3109,2017,39980
3110,2019,31980
3111,2019,20480
3112,2019,26980
3113,2019,26980
3114,2018,20000
3115,2018,30980
3116,2018,31480
3117,2018,30980
3118,2019,22500
3119,2019,47980
3120,2019,29480
3121,2019,27980
3122,2019,19980
3123,2019,22980
3124,2019,29980
3125,2019,20980
3126,2017,19980
3127,2017,21480
3128,2017,17280
3129,2018,34480
3130,2019,27980
3131,2019,28980
3132,2019,20980
3133,2019,20980
3134,2019,20980
3135,2018,32480
3136,2019,32480
3137,2019,31480
3138,2019,30480
3139,2018,25480
3140,2017,29480
3141,2019,29480
3142,2019,22480
3143,2019,27000
3144,2020,41980
3145,2019,25780
3146,2020,44980
3147,2017,15980
3148,2019,25980
3149,2020,62480
3150,2019,37980
3151,2020,39980
3152,2019,26980
3153,2019,33980
3154,2019,28980
3155,2019,28980
3156,2019,25980
3157,2019,25980
3158,2019,26000
3159,2019,23780
3160,2019,25000
3161,2019,27980
3162,2019,24480
3163,2019,79980
3164,2019,21980
3165,2020,23980
3166,2020,25980
3167,2019,35980
3168,2019,19980
3169,2019,18480
3170,2019,21980
3171,2019,28480
3172,2018,22480
3173,2018,31480
3174,2019,20480
3175,2018,27980
3176,2016,26980
3177,2017,23480
3178,2017,24480
3179,2018,16480
3180,2019,30980
3181,2019,29980
3182,2019,38480
3183,2019,49480
3184,2019,25980
3185,2019,18000
3186,2016,23480
3187,2018,24480
3188,2019,30980
3189,2019,29980
3190,2019,29980
3191,2020,65980
3192,2020,48980
3193,2020,39980
3194,2019,29500
3195,2019,29980
3196,2019,26980
3197,2019,45980
3198,2019,18480
3199,2019,24480
3200,2019,22480
3201,2016,32480
3202,2017,20480
3203,2015,17980
3204,2017,19980
3205,2017,20980
3206,2017,29480
3207,2017,27980
3208,2019,31480
3209,2018,32480
3210,2019,29980
3211,2019,28980
3212,2019,31980
3213,2018,21780
3214,2015,24480
3215,2020,31980
3216,2020,49980
3217,2020,37980
3218,2020,48980
3219,2020,30980
3220,2019,37980
3221,2020,27980
3222,2019,45980
3223,2020,48980
3224,2020,38980
3225,2019,25780
3226,2019,25980
3227,2019,26980
3228,2019,25480
3229,2019,25480
3230,2019,25980
3231,2019,25480
3232,2018,21980
3233,2019,31480
3234,2019,29480
3235,2015,10700
3236,2014,13291
3237,2018,23890
3238,2017,18481
3239,2013,8751
3240,2018,29991
3241,2013,11490
3242,2016,17990
3243,2019,20990
3244,2017,15718
3245,2014,13390
3246,2016,25340
3247,2014,16860
3248,2014,18490
3249,2016,14891
3250,2017,12750
3251,2019,18990
3252,2014,15990
3253,2013,15250
3254,2015,13991
3255,2017,15637
3256,2013,11999
3257,2018,18999
3258,2015,16091
3259,2014,16490
3260,2015,11500
3261,2015,16995
3262,2018,22595
3263,2017,32695
3264,2015,11195
3265,2013,13595
3266,2019,20998
3267,2014,10290
3268,2018,29998
3269,2014,12998
3270,2016,17117
3271,2018,20370
3272,2017,14500
3273,2017,15282
3274,2014,15894
3275,2016,22994
3276,2015,15495
3277,2014,11595
3278,2016,23500
3279,2017,15000
3280,2013,23000
3281,2014,14000
3282,2018,26995
3283,2017,16565
3284,2017,16990
3285,2015,14850
3286,2018,17291
3287,2014,11133
3288,2016,16452
3289,2017,18990
3290,2014,13290
3291,2017,18822
3292,2015,14990
3293,2018,15095
3294,2013,9995
3295,2017,17820
3296,2017,29998
3297,2017,27998
3298,2017,25998
3299,2017,13990
3300,2016,22990
3301,2015,18170
3302,2015,13046
3303,2016,17261
3304,2014,15490
3305,2019,25980
3306,2019,59980
3307,2019,44980
3308,2019,36980
3309,2019,26980
3310,2020,49980
3311,2020,76980
3312,2020,39980
3313,2019,37980
3314,2020,35980
3315,2015,17802
3316,2019,25000
3317,2019,23750
3318,2017,22250
3319,2019,48980
3320,2019,32000
3321,2020,49980
3322,2018,44980
3323,2019,47980
3324,2019,25780
3325,2018,22680
3326,2019,49480
3327,2018,47980
3328,2017,25980
3329,2016,14980
3330,2016,19980
3331,2018,42980
3332,2019,33480
3333,2019,20980
3334,2019,22980
3335,2019,24980
3336,2019,25980
3337,2018,25480
3338,2019,28480
3339,2019,24980
3340,2019,29980
3341,2018,19480
3342,2019,28780
3343,2015,17480
3344,2015,17480
3345,2016,15280
3346,2016,18480
3347,2019,25780
3348,2020,30480
3349,2020,30480
3350,2019,34980
3351,2019,24980
3352,2019,30480
3353,2019,31000
3354,2019,49980
3355,2018,23480
3356,2017,30980
3357,2018,29980
3358,2014,14500
3359,2013,7491
3360,2016,19402
3361,2014,17050
3362,2013,10090
3363,2018,22500
3364,2018,33000
3365,2018,29980
3366,2019,19250
3367,2018,27500
3368,2019,23880
3369,2019,30980
3370,2019,25780
3371,2019,24780
3372,2017,28980
3373,2019,24995
3374,2017,18495
3375,2019,39995
3376,2018,37900
3377,2020,44995
3378,2020,56995
3379,2017,23995
3380,2019,27995
3381,2020,59995
3382,2017,28995
3383,2017,16995
3384,2020,39995
3385,2020,39995
3386,2020,67495
3387,2020,28995
3388,2017,13995
3389,2015,22995
3390,2020,59995
3391,2018,19995
3392,2016,16495
3393,2014,14750
3394,2016,18995
3395,2017,20291
3396,2016,11999
3397,2015,14440
3398,2019,30991
3399,2019,25491
3400,2019,20391
3401,2020,24791
3402,2019,22995
3403,2019,26789
3404,2015,16395
3405,2017,16495
3406,2016,39844
3407,2014,20495
3408,2019,24995
3409,2019,25495
3410,2019,40995
3411,2016,29995
3412,2017,16495
3413,2016,15498
3414,2016,19170
3415,2016,18280
3416,2015,17707
3417,2016,14057
3418,2018,16130
3419,2018,21160
3420,2018,27950
3421,2016,15277
3422,2016,19470
3423,2019,37891
3424,2017,20995
3425,2017,17480
3426,2019,49500
3427,2017,21980
3428,2019,18480
3429,2019,25980
3430,2019,19480
3431,2019,29000
3432,2018,24000
3433,2017,14295
3434,2019,28995
3435,2016,17998
3436,2015,15998
3437,2016,19998
3438,2019,20698
3439,2018,39998
3440,2016,19698
3441,2018,21798
3442,2016,18498
3443,2017,20995
3444,2018,20995
3445,2015,23995
3446,2018,20999
3447,2019,25999
3448,2019,28999
3449,2020,43995
3450,2019,26795
3451,2016,52990
3452,2017,16495
3453,2017,21495
3454,2020,42495
3455,2019,51995
3456,2020,29995
3457,2015,17495
3458,2019,67495
3459,2017,13999
3460,2018,19000
3461,2019,47999
3462,2019,47999
3463,2019,43990
3464,2019,30999
3465,2014,14499
3466,2019,24999
3467,2019,24999
3468,2019,23499
3469,2019,25499
3470,2019,29999
3471,2019,29000
3472,2019,24499
3473,2019,23999
3474,2019,30500
3475,2019,26250
3476,2019,24999
3477,2019,26999
3478,2019,31999
3479,2019,30999
3480,2019,32495
3481,2019,31999
3482,2019,32999
3483,2019,32499
3484,2019,38999
3485,2019,28799
3486,2019,23299
3487,2017,22995
3488,2018,20799
3489,2020,42999
3490,2019,24999
3491,2016,20995
3492,2013,9300
3493,2016,16896
3494,2017,15361
3495,2013,10241
3496,2017,15770
3497,2015,16000
3498,2016,19431
3499,2017,25494
3500,2015,15500
3501,2018,30498
3502,2016,18998
3503,2017,18998
3504,2016,10998
3505,2017,18498
3506,2016,13698
3507,2017,14998
3508,2017,14698
3509,2016,13498
3510,2015,15999
3511,2018,20999
3512,2019,34699
3513,2019,24999
3514,2019,24050
3515,2020,41999
3516,2019,38999
3517,2020,42995
3518,2019,36999
3519,2019,25990
3520,2017,17850
3521,2018,20990
3522,2016,18850
3523,2014,10195
3524,2016,15995
3525,2016,19399
3526,2017,30291
3527,2018,18000
3528,2015,12999
3529,2017,25998
3530,2016,32998
3531,2019,19980
3532,2019,19250
3533,2019,47980
3534,2019,34980
3535,2019,32480
3536,2019,28480
3537,2019,27480
3538,2017,18250
3539,2015,14995
3540,2015,13260
3541,2018,18450
3542,2015,17250
3543,2015,18610
3544,2014,9853
3545,2016,18790
3546,2015,14150
3547,2017,17300
3548,2019,22980
3549,2019,31980
3550,2016,14980
3551,2018,19500
3552,2017,29500
3553,2016,27995
3554,2019,26500
3555,2018,29495
3556,2017,23250
3557,2019,31650
3558,2018,20750
3559,2016,21750
3560,2017,27995
3561,2019,18998
3562,2017,19498
3563,2015,20498
3564,2013,10498
3565,2015,18498
3566,2015,15298
3567,2016,17400
3568,2018,21495
3569,2017,19499
3570,2019,34990
3571,2019,26999
3572,2019,30499
3573,2019,25799
3574,2017,18999
3575,2019,31299
3576,2016,18750
3577,2017,23295
3578,2019,31995
3579,2016,25299
3580,2018,20995
3581,2017,24995
3582,2019,25995
3583,2019,27995
3584,2019,23995
3585,2017,23995
3586,2015,15995
3587,2016,36495
3588,2017,22495
3589,2019,24995
3590,2016,31995
3591,2019,59995
3592,2019,28995
3593,2019,45995
3594,2019,55995
3595,2019,24995
3596,2019,24995
3597,2018,89995
3598,2017,20995
3599,2017,46995
3600,2019,52495
3601,2019,44995
3602,2019,39995
3603,2019,32995
3604,2017,33995
3605,2016,21750
3606,2018,19695
3607,2016,24500
3608,2015,16995
3609,2017,22750
3610,2017,24750
3611,2017,27750
3612,2018,19995
3613,2019,36995
3614,2019,36500
3615,2019,37250
3616,2017,18995
3617,2017,15995
3618,2016,21995
3619,2016,17995
3620,2018,34995
3621,2019,34000
3622,2019,19995
3623,2019,31799
3624,2019,23295
3625,2019,23995
3626,2019,44999
3627,2019,21499
3628,2019,25795
3629,2017,18299
3630,2019,31499
3631,2018,22999
3632,2018,24950
3633,2017,19999
3634,2017,24299
3635,2017,20799
3636,2019,24499
3637,2019,31995
3638,2019,44999
3639,2019,46499
3640,2017,26995
3641,2017,19795
3642,2016,16750
3643,2018,19250
3644,2018,18995
3645,2018,23500
3646,2019,26995
3647,2019,24250
3648,2019,33285
3649,2020,25299
3650,2020,22999
3651,2016,19999
3652,2016,16500
3653,2017,25995
3654,2017,26995
3655,2019,24250
3656,2018,16750
3657,2016,27995
3658,2019,41995
3659,2018,35995
3660,2019,25995
3661,2018,19750
3662,2019,25950
3663,2019,29299
3664,2019,27499
3665,2019,29950
3666,2019,31799
3667,2019,38999
3668,2019,31999
3669,2019,22799
3670,2019,31995
3671,2017,18299
3672,2019,21749
3673,2015,17495
3674,2017,14500
3675,2016,17000
3676,2018,21500
3677,2018,19995
3678,2017,17500
3679,2016,26000
3680,2018,23995
3681,2019,25495
3682,2017,23999
3683,2019,25299
3684,2019,26999
3685,2015,14999
3686,2017,33499
3687,2015,17350
3688,2018,21500
3689,2018,24750
3690,2017,24500
3691,2018,28750
3692,2019,28299
3693,2018,23299
3694,2018,16799
3695,2020,41995
3696,2016,21995
3697,2017,21250
3698,2016,17450
3699,2017,26995
3700,2015,17995
3701,2017,13495
3702,2017,19545
3703,2017,18750
3704,2017,20995
3705,2015,16995
3706,2014,16401
3707,2017,19701
3708,2016,19701
3709,2016,26001
3710,2019,20001
3711,2018,22201
3712,2016,16999
3713,2018,25980
3714,2016,22999
3715,2019,24799
3716,2019,31650
3717,2017,17750
3718,2019,22400
3719,2016,18995
3720,2016,19495
3721,2016,19995
3722,2020,45499
3723,2019,30999
3724,2019,34799
3725,2019,33499
3726,2019,31499
3727,2016,17490
3728,2017,16300
3729,2017,20991
3730,2016,14606
3731,2019,23825
3732,2019,28880
3733,2019,28850
3734,2017,15450
3735,2016,23990
3736,2016,18290
3737,2017,23890
3738,2019,30845
3739,2019,46755
3740,2019,23904
3741,2019,33995
3742,2019,30675
3743,2019,34630
3744,2016,16215
3745,2016,16545
3746,2017,28910
3747,2019,19394
3748,2016,17991
3749,2014,13620
3750,2015,11281
3751,2018,27971
3752,2016,18750
3753,2014,11000
3754,2016,17000
3755,2016,19995
3756,2015,16617
3757,2014,12360
3758,2018,21960
3759,2015,17441
3760,2017,31741
3761,2018,38881
3762,2013,9991
3763,2016,19791
3764,2017,28360
3765,2016,18750
3766,2017,29750
3767,2019,21810
3768,2019,27950
3769,2016,21995
3770,2017,22495
3771,2016,14500
3772,2018,16991
3773,2016,18249
3774,2017,22479
3775,2015,15849
3776,2017,21449
3777,2015,13250
3778,2019,25295
3779,2018,26995
3780,2016,16495
3781,2017,14295
3782,2018,21995
3783,2018,25995
3784,2017,22995
3785,2017,29462
3786,2017,31692
3787,2018,45842
3788,2018,21386
3789,2017,14891
3790,2017,18152
3791,2017,16491
3792,2017,27690
3793,2016,22999
3794,2017,19990
3795,2017,23995
3796,2015,14295
3797,2016,22491
3798,2015,16993
3799,2017,20495
3800,2014,11995
3801,2016,16495
3802,2017,20495
3803,2017,18495
3804,2015,15689
3805,2019,52732
3806,2019,44490
3807,2017,24913
3808,2018,29062
3809,2018,29112
3810,2017,27526
3811,2020,25931
3812,2020,40411
3813,2016,20152
3814,2020,26491
3815,2019,38790
3816,2019,41870
3817,2019,49991
3818,2017,17973
3819,2017,21832
3820,2016,16991
3821,2019,38596
3822,2019,28382
3823,2017,17650
3824,2019,21250
3825,2017,25450
3826,2019,24999
3827,2018,21250
3828,2020,26325
3829,2020,26375
3830,2019,25695
3831,2019,20160
3832,2019,34950
3833,2020,29999
3834,2019,31745
3835,2019,27679
3836,2017,18358
3837,2020,27346
3838,2019,31009
3839,2019,33750
3840,2019,29903
3841,2019,34335
3842,2020,26841
3843,2015,16122
3844,2019,25346
3845,2019,25966
3846,2019,29612
3847,2019,38780
3848,2019,23480
3849,2019,36395
3850,2019,25102
3851,2019,24626
3852,2019,22176
3853,2019,51096
3854,2019,28896
3855,2017,20562
3856,2017,13862
3857,2019,27380
3858,2019,80650
3859,2019,29491
3860,2019,28951
3861,2019,38661
3862,2019,54991
3863,2020,54561
3864,2020,27791
3865,2019,31276
3866,2019,19746
3867,2018,27832
3868,2017,26124
3869,2016,17382
3870,2016,20412
3871,2017,16202
3872,2016,17999
3873,2014,16399
3874,2018,31999
3875,2016,19798
3876,2016,27998
3877,2018,19998
3878,2016,19998
3879,2014,11998
3880,2017,27298
3881,2015,15990
3882,2017,16442
3883,2017,15892
3884,2017,36092
3885,2018,26990
3886,2017,20490
3887,2017,21990
3888,2016,17990
3889,2015,12790
3890,2016,24490
3891,2019,35990
3892,2017,17990
3893,2017,23290
3894,2017,22290
3895,2017,21290
3896,2020,24490
3897,2020,32290
3898,2020,22390
3899,2017,20490
3900,2018,33990
3901,2019,26490
3902,2019,48990
3903,2019,32390
3904,2019,19990
3905,2019,21490
3906,2019,28990
3907,2018,26690
3908,2019,19490
3909,2019,25490
3910,2019,19490
3911,2019,25990
3912,2019,32490
3913,2018,27990
3914,2019,24540
3915,2019,21500
3916,2020,39991
3917,2019,26991
3918,2016,16232
3919,2019,41480
3920,2014,12802
3921,2013,9991
3922,2019,35162
3923,2019,25122
3924,2014,11350
3925,2013,12893
3926,2020,72990
3927,2016,16890
3928,2016,12790
3929,2019,22790
3930,2019,34990
3931,2017,20990
3932,2016,12490
3933,2017,21190
3934,2019,26990
3935,2018,25990
3936,2019,28990
3937,2019,19490
3938,2019,29990
3939,2018,29890
3940,2018,27490
3941,2018,32990
3942,2017,20690
3943,2017,21990
3944,2018,34390
3945,2018,23990
3946,2019,17690
3947,2019,25990
3948,2019,23990
3949,2019,23990
3950,2019,23290
3951,2019,22490
3952,2019,19290
3953,2018,23990
3954,2016,22991
3955,2018,21486
3956,2017,28672
3957,2018,21342
3958,2018,22032
3959,2018,28342
3960,2018,28752
3961,2019,30492
3962,2016,14441
3963,2019,34556
3964,2019,33356
3965,2019,26396
3966,2016,21502
3967,2019,37990
3968,2019,31990
3969,2019,27590
3970,2019,31990
3971,2019,47490
3972,2019,28990
3973,2019,34790
3974,2020,26790
3975,2013,8991
3976,2017,28582
3977,2018,26965
3978,2019,102502
3979,2017,20282
3980,2015,11040
3981,2015,11444
3982,2015,12980
3983,2019,25554
3984,2019,29775
3985,2019,22956
3986,2019,27992
3987,2019,40532
3988,2019,25316
3989,2019,25276
3990,2017,30732
3991,2019,34946
3992,2019,27086
3993,2017,23991
3994,2016,13823
3995,2016,25932
3996,2016,30502
3997,2015,18216
3998,2016,14722
3999,2017,15691
4000,2016,18663
4001,2015,15462
4002,2017,32552
4003,2017,32312
4004,2018,43286
4005,2020,41991
4006,2017,14991
4007,2017,33142
4008,2019,56191
4009,2019,56810
4010,2019,23410
4011,2019,23250
4012,2019,30991
4013,2019,38550
4014,2019,26991
4015,2017,18772
4016,2016,21112
4017,2013,10122
4018,2016,22041
4019,2017,16311
4020,2017,19811
4021,2017,31022
4022,2017,19762
4023,2016,29362
4024,2018,23456
4025,2020,24640
4026,2020,41991
4027,2017,17761
4028,2019,43750
4029,2020,26890
4030,2019,36540
4031,2017,20882
4032,2019,21880
4033,2019,21990
4034,2019,21990
4035,2019,21990
4036,2019,21990
4037,2018,24132
4038,2019,19110
4039,2016,15562
4040,2016,21991
4041,2019,31790
4042,2018,21936
4043,2019,27776
4044,2016,25733
4045,2017,18491
4046,2019,26076
4047,2018,27872
4048,2018,26072
4049,2019,21906
4050,2019,25046
4051,2019,18276
4052,2019,27790
4053,2019,89880
4054,2019,29990
4055,2019,43640
4056,2019,49390
4057,2019,22590
4058,2019,22590
4059,2019,22590
4060,2019,22850
4061,2018,27272
4062,2019,60970
4063,2019,21250
4064,2019,35730
4065,2019,36432
4066,2019,25991
4067,2019,30991
4068,2017,18162
4069,2016,13742
4070,2019,67940
4071,2020,71991
4072,2019,34622
4073,2020,40991
4074,2020,34991
4075,2018,30991
4076,2015,18736
4077,2016,11701
4078,2019,36292
4079,2016,21133
4080,2019,21690
4081,2016,23282
4082,2019,35791
4083,2015,17672
4084,2016,13991
4085,2018,26492
4086,2019,25072
4087,2019,104590
4088,2019,26992
4089,2019,19786
4090,2016,14991
4091,2020,33991
4092,2016,27102
4093,2017,30991
4094,2019,124366
4095,2016,15691
4096,2019,35890
4097,2019,23890
4098,2019,25390
4099,2019,24290
4100,2019,35991
4101,2019,38970
4102,2017,41612
4103,2020,24890
4104,2020,59990
4105,2020,26890
4106,2020,26890
4107,2020,39991
4108,2020,48790
4109,2020,28790
4110,2020,26890
4111,2017,22052
4112,2017,20498
4113,2017,21998
4114,2018,17991
4115,2016,21933
4116,2019,52146
4117,2016,23911
4118,2016,17498
4119,2018,16498
4120,2016,17998
4121,2018,29869
4122,2016,14991
4123,2014,12693
4124,2019,26998
4125,2014,14498
4126,2015,17998
4127,2017,20298
4128,2018,23998
4129,2016,19998
4130,2018,20498
4131,2015,14298
4132,2016,23062
4133,2017,32472
4134,2017,21182
4135,2018,17991
4136,2016,20042
4137,2018,55376
4138,2016,25412
4139,2018,22798
4140,2013,13991
4141,2018,21991
4142,2015,16322
4143,2017,16991
4144,2017,15991
4145,2018,27991
4146,2015,17491
4147,2018,43991
4148,2019,48990
4149,2014,8991
4150,2018,20691
4151,2017,22491
4152,2017,30996
4153,2019,36791
4154,2016,16300
4155,2019,20440
4156,2018,20690
4157,2015,16590
4158,2014,11100
4159,2017,16860
4160,2016,17590
4161,2016,17750
4162,2017,14250
4163,2015,13100
4164,2017,14610
4165,2018,18700
4166,2017,16177
4167,2018,18700
4168,2017,21380
4169,2017,19000
4170,2014,12900
4171,2018,32000
4172,2017,27998
4173,2019,23298
4174,2013,14991
4175,2017,15870
4176,2016,18280
4177,2014,11100
4178,2016,18590
4179,2016,18790
4180,2019,33790
4181,2016,19000
4182,2017,23000
4183,2018,19995
4184,2017,19000
4185,2018,17900
4186,2019,34900
4187,2020,34900
4188,2020,42900
4189,2019,39790
4190,2019,36791
4191,2019,48251
4192,2020,42441
4193,2016,21292
4194,2019,48990
4195,2016,23822
4196,2017,16162
4197,2019,19520
4198,2019,19680
4199,2014,14995
4200,2019,33995
4201,2019,25495
4202,2019,59995
4203,2019,25995
4204,2020,28900
4205,2020,28900
4206,2020,26400
4207,2019,42400
4208,2019,41900
4209,2018,104400
4210,2019,32900
4211,2018,22400
4212,2020,52900
4213,2020,45900
4214,2020,41900
4215,2019,52900
4216,2019,49400
4217,2017,16700
4218,2013,10891
4219,2017,16392
4220,2017,17392
4221,2018,15491
4222,2015,9391
4223,2020,35400
4224,2016,15900
4225,2018,22400
4226,2013,16995
4227,2015,22995
4228,2019,19995
4229,2019,42995
4230,2017,22495
4231,2018,29495
4232,2020,54995
4233,2019,38995
4234,2020,56995
4235,2019,36995
4236,2018,22900
4237,2019,41995
4238,2019,29995
4239,2020,59995
4240,2019,29995
4241,2019,34995
4242,2018,21995
4243,2020,59995
4244,2015,19995
4245,2017,22995
4246,2019,38990
4247,2019,29990
4248,2020,33990
4249,2017,21990
4250,2019,28990
4251,2020,27990
4252,2020,38990
4253,2019,58990
4254,2019,36490
4255,2019,46390
4256,2016,16995
4257,2020,25995
4258,2015,19995
4259,2018,30495
4260,2018,27995
4261,2020,29900
4262,2018,19995
4263,2018,34995
4264,2019,41900
4265,2020,56995
4266,2016,20400
4267,2017,18400
4268,2019,42900
4269,2019,23900
4270,2019,29900
4271,2019,31900
4272,2019,36900
4273,2019,39400
4274,2017,11900
4275,2019,22480
4276,2017,19795
4277,2016,17995
4278,2017,22495
4279,2017,27995
4280,2017,20995
4281,2017,19995
4282,2017,19995
4283,2019,34795
4284,2015,34995
4285,2017,17495
4286,2017,22995
4287,2019,27400
4288,2019,22900
4289,2019,23900
4290,2020,57400
4291,2019,24900
4292,2019,39900
4293,2017,29400
4294,2020,33400
4295,2019,28900
4296,2018,33900
4297,2020,41400
4298,2018,23480
4299,2019,22678
4300,2019,29480
4301,2019,25980
4302,2019,22980
4303,2019,22480
4304,2019,22280
4305,2019,22780
4306,2019,21495
4307,2020,42480
4308,2019,26280
4309,2019,34995
4310,2020,36995
4311,2020,59995
4312,2019,26995
4313,2019,36995
4314,2019,29496
4315,2019,23995
4316,2019,30181
4317,2019,20995
4318,2017,16995
4319,2013,13995
4320,2017,19995
4321,2017,19995
4322,2016,25995
4323,2019,18995
4324,2014,17995
4325,2019,29495
4326,2019,44995
4327,2016,21995
4328,2013,11291
4329,2016,16740
4330,2016,18640
4331,2017,28698
4332,2016,16498
4333,2018,20998
4334,2017,11998
4335,2017,16998
4336,2015,14995
4337,2017,29495
4338,2018,24546
4339,2019,24295
4340,2017,16995
4341,2016,20495
4342,2017,21456
4343,2018,20995
4344,2019,46995
4345,2018,13495
4346,2017,27673
4347,2019,24495
4348,2017,19795
4349,2019,31695
4350,2017,19995
4351,2016,15429
4352,2016,25995
4353,2016,17495
4354,2018,16607
4355,2019,23280
4356,2019,22995
4357,2020,33995
4358,2019,34280
4359,2018,21995
4360,2019,25995
4361,2017,18795
4362,2017,14900
4363,2019,25400
4364,2019,33499
4365,2019,23999
4366,2019,26599
4367,2019,23995
4368,2019,23999
4369,2015,23495
4370,2019,31999
4371,2019,29799
4372,2019,28299
4373,2019,34999
4374,2019,31099
4375,2019,20499
4376,2019,23799
4377,2016,15799
4378,2017,22597
4379,2016,16991
4380,2016,16957
4381,2015,16270
4382,2019,29999
4383,2019,28499
4384,2019,29499
4385,2019,30799
4386,2019,33299
4387,2019,33499
4388,2019,36299
4389,2019,33299
4390,2019,23599
4391,2019,31999
4392,2017,29990
4393,2019,23499
4394,2017,17799
4395,2014,13999
4396,2015,11899
4397,2018,21299
4398,2015,25999
4399,2014,13495
4400,2018,18995
4401,2015,17495
4402,2019,25799
4403,2015,16732
4404,2017,38572
4405,2018,22805
4406,2018,29442
4407,2019,22966
4408,2015,28881
4409,2019,31062
4410,2017,28672
4411,2019,32056
4412,2019,25446
4413,2019,22444
4414,2016,26572
4415,2019,25764
4416,2016,31342
4417,2016,19612
4418,2017,23056
4419,2019,30899
4420,2018,26682
4421,2016,13412
4422,2016,16452
4423,2019,17498
4424,2016,29280
4425,2017,24480
4426,2019,32980
4427,2016,30480
4428,2018,18480
4429,2017,14280
4430,2019,71980
4431,2016,26480
4432,2020,47980
4433,2016,28480
4434,2019,61990
4435,2019,28190
4436,2019,28706
4437,2016,14722
4438,2019,35722
4439,2014,19662
4440,2017,25402
4441,2015,22402
4442,2017,23952
4443,2016,17443
4444,2017,22980
4445,2017,22480
4446,2019,48980
4447,2015,16980
4448,2017,16480
4449,2018,33980
4450,2017,21700
4451,2016,16480
4452,2017,19980
4453,2018,32980
4454,2016,16686
4455,2017,29931
4456,2019,30910
4457,2019,21980
4458,2019,20280
4459,2019,35480
4460,2019,27000
4461,2020,39991
4462,2020,28491
4463,2020,44491
4464,2020,29066
4465,2015,15442
4466,2019,25780
4467,2019,25980
4468,2019,21980
4469,2016,18980
4470,2019,25480
4471,2019,22980
4472,2017,13980
4473,2019,29980
4474,2019,24680
4475,2019,18780
4476,2019,20480
4477,2019,20980
4478,2017,24980
4479,2017,22980
4480,2018,31980
4481,2018,32800
4482,2018,22300
4483,2016,23980
4484,2017,14480
4485,2019,36980
4486,2019,29980
4487,2019,74980
4488,2020,39480
4489,2017,16780
4490,2019,24480
4491,2019,24780
4492,2019,29480
4493,2014,13799
4494,2015,15999
4495,2016,15495
4496,2013,11900
4497,2017,19980
4498,2020,35480
4499,2020,24980
4500,2019,44000
4501,2019,27500
4502,2019,30500
4503,2016,13680
4504,2016,23060
4505,2017,26998
4506,2016,18498
4507,2016,14998
4508,2017,14298
4509,2017,15998
4510,2013,12500
4511,2014,14980
4512,2017,19490
4513,2015,14490
4514,2015,15390
4515,2019,69990
4516,2019,19790
4517,2016,25490
4518,2019,30490
4519,2014,14400
4520,2015,14790
4521,2016,17600
4522,2019,33490
4523,2020,25890
4524,2016,24950
4525,2019,23490
4526,2019,23450
4527,2017,21290
4528,2018,14450
4529,2014,14990
4530,2017,18890
4531,2018,31990
4532,2020,25890
4533,2020,38490
4534,2020,27490
4535,2020,25990
4536,2020,25890
4537,2020,25490
4538,2020,36990
4539,2020,23990
4540,2020,38890
4541,2020,35990
4542,2019,28480
4543,2019,42980
4544,2016,25000
4545,2019,32000
4546,2019,26480
4547,2019,28480
4548,2019,29480
4549,2019,23480
4550,2019,40000
4551,2019,25890
4552,2019,31890
4553,2019,29890
4554,2019,32490
4555,2019,37990
4556,2019,34490
4557,2020,48790
4558,2020,22990
4559,2020,22990
4560,2019,43980
4561,2019,48490
4562,2019,25690
4563,2019,26990
4564,2019,24890
4565,2019,25890
4566,2019,22990
4567,2019,23990
4568,2019,28490
4569,2019,28490
4570,2019,25890
4571,2020,26990
4572,2018,20490
4573,2016,21490
4574,2017,18990
4575,2019,24490
4576,2016,20990
4577,2016,32490
4578,2017,23890
4579,2014,8990
4580,2019,32490
4581,2016,19490
4582,2018,23990
4583,2014,13490
4584,2019,20389
4585,2018,44990
4586,2016,14990
4587,2016,17890
4588,2019,23990
4589,2019,21490
4590,2019,23490
4591,2017,20990
4592,2020,24990
4593,2020,27990
4594,2020,27990
4595,2020,25990
4596,2020,25890
4597,2017,20490
4598,2017,20490
4599,2013,9990
4600,2019,26890
4601,2017,24890
4602,2017,24132
4603,2019,47300
4604,2019,47770
4605,2019,39810
4606,2019,56490
4607,2019,45881
4608,2019,39410
4609,2019,58991
4610,2019,36991
4611,2019,29991
4612,2013,9990
4613,2016,23490
4614,2017,18490
4615,2017,19690
4616,2017,20490
4617,2018,28390
4618,2020,27990
4619,2020,25890
4620,2020,26990
4621,2016,18690
4622,2013,12490
4623,2018,19890
4624,2019,34950
4625,2019,37890
4626,2019,45490
4627,2019,32990
4628,2019,22450
4629,2019,24990
4630,2019,25890
4631,2016,17450
4632,2016,15351
4633,2016,10749
4634,2014,14999
4635,2015,13999
4636,2015,17000
4637,2014,16999
4638,2015,18799
4639,2014,13490
4640,2014,8990
4641,2016,26550
4642,2019,26750
4643,2019,22957
4644,2019,23255
4645,2019,22440
4646,2019,29450
4647,2019,27028
4648,2016,11525
4649,2018,19490
4650,2019,23254
4651,2019,26995
4652,2019,23495
4653,2014,10998
4654,2018,22498
4655,2017,17498
4656,2018,20498
4657,2016,17698
4658,2018,12931
4659,2019,24581
4660,2018,23355
4661,2017,22215
4662,2017,22225
4663,2016,17650
4664,2019,22625
4665,2016,18550
4666,2017,16835
4667,2017,19450
4668,2018,21455
4669,2018,23781
4670,2018,27725
4671,2019,20490
4672,2019,28315
4673,2018,30568
4674,2019,30199
4675,2019,32305
4676,2016,25290
4677,2017,23415
4678,2019,31245
4679,2017,23450
4680,2017,43082
4681,2019,24065
4682,2019,46952
4683,2018,23354
4684,2019,48766
4685,2018,16982
4686,2019,50636
4687,2019,24462
4688,2019,24652
4689,2019,30562
4690,2019,52555
4691,2020,36880
4692,2017,17975
4693,2016,19440
4694,2019,39825
4695,2017,19945
4696,2016,16425
4697,2019,56555
4698,2019,34255
4699,2019,31203
4700,2015,17435
4701,2019,28660
4702,2019,29755
4703,2019,29885
4704,2019,29945
4705,2019,22570
4706,2019,22570
4707,2019,26420
4708,2019,23885
4709,2019,42750
4710,2017,21220
4711,2017,19450
4712,2017,27480
4713,2017,26455
4714,2019,49950
4715,2015,19825
4716,2017,29450
4717,2017,21544
4718,2018,21550
4719,2019,32305
4720,2019,32455
4721,2017,22594
4722,2019,24950
4723,2016,19590
4724,2017,23965
4725,2019,23214
4726,2019,27295
4727,2019,65000
4728,2019,34220
4729,2019,35400
4730,2019,33283
4731,2019,38750
4732,2019,39925
4733,2019,29650
4734,2019,29950
4735,2019,34945
4736,2019,58700
4737,2019,30720
4738,2015,18022
4739,2017,17681
4740,2018,32932
4741,2016,36070
4742,2016,16020
4743,2015,13500
4744,2019,31980
4745,2018,19480
4746,2019,46980
4747,2019,19980
4748,2019,47980
4749,2019,23480
4750,2019,23680
4751,2014,9980
4752,2016,16690
4753,2017,14690
4754,2019,35500
4755,2019,35250
4756,2019,32000
4757,2016,19971
4758,2019,49950
4759,2019,126000
4760,2019,28450
4761,2019,26455
4762,2016,24950
4763,2019,23450
4764,2016,17480
4765,2015,17480
4766,2019,29980
4767,2019,39980
4768,2019,27980
4769,2019,37980
4770,2019,26980
4771,2019,44980
4772,2019,56980
4773,2019,33750
4774,2019,25650
4775,2019,32250
4776,2016,23282
4777,2014,16452
4778,2019,26356
4779,2018,94522
4780,2017,18981
4781,2016,24132
4782,2018,46532
4783,2016,16991
4784,2019,52000
4785,2017,31550
4786,2018,17999
4787,2018,42525
4788,2017,19970
4789,2019,32684
4790,2019,26480
4791,2019,22980
4792,2019,22980
4793,2019,22980
4794,2019,50980
4795,2017,19980
4796,2019,25980
4797,2019,26980
4798,2019,25980
4799,2019,29980
4800,2019,23680
4801,2019,27980
4802,2016,20480
4803,2015,30980
4804,2016,17980
4805,2019,34965
4806,2018,24775
4807,2017,17880
4808,2018,27225
4809,2019,32367
4810,2019,24628
4811,2019,24535
4812,2019,25855
4813,2018,19980
4814,2019,21980
4815,2019,21980
4816,2019,20280
4817,2019,25780
4818,2019,25780
4819,2018,24600
4820,2019,47980
4821,2015,20480
4822,2017,17480
4823,2016,26000
4824,2016,21480
4825,2018,33980
4826,2019,26479
4827,2019,18780
4828,2019,24965
4829,2019,23350
4830,2019,21980
4831,2016,19480
4832,2019,19980
4833,2019,21980
4834,2018,31980
4835,2017,30580
4836,2019,21980
4837,2015,16980
4838,2017,16480
4839,2016,18780
4840,2019,34800
4841,2019,28000
4842,2019,32500
4843,2019,27000
4844,2019,26980
4845,2020,31480
4846,2020,30480
4847,2019,41500
4848,2019,32480
4849,2019,29480
4850,2019,18780
4851,2019,18780
4852,2019,42900
4853,2019,29480
4854,2017,21980
4855,2019,21980
4856,2019,21980
4857,2017,28980
4858,2019,47400
4859,2019,26980
4860,2019,34980
4861,2019,25780
4862,2019,25780
4863,2019,25780
4864,2019,25780
4865,2019,25780
4866,2019,25980
4867,2019,25980
4868,2019,21980
4869,2019,44480
4870,2019,24480
4871,2019,19980
4872,2019,19980
4873,2019,25780
4874,2019,25980
4875,2019,27980
4876,2018,27980
4877,2019,28980
4878,2019,49980
4879,2019,27980
4880,2017,19480
4881,2018,18480
4882,2017,19680
4883,2017,19280
4884,2019,27980
4885,2017,22480
4886,2018,21780
4887,2017,28980
4888,2019,22980
4889,2019,29980
4890,2017,19980
4891,2016,17980
4892,2016,29780
4893,2017,26480
4894,2017,22980
4895,2018,23980
4896,2016,18780
4897,2018,19980
4898,2019,22980
4899,2019,23480
4900,2019,19980
4901,2019,28480
4902,2020,42980
4903,2020,48980
4904,2020,45980
4905,2020,30980
4906,2017,14680
4907,2017,22980
4908,2017,19980
4909,2019,45480
4910,2016,22480
4911,2018,21980
4912,2018,21980
4913,2017,18980
4914,2017,19980
4915,2017,24480
4916,2017,29980
4917,2019,33980
4918,2019,47980
4919,2019,26480
4920,2019,32980
4921,2019,37980
4922,2019,24750
4923,2017,20980
4924,2017,38980
4925,2016,25000
4926,2018,19750
4927,2019,37500
4928,2019,29780
4929,2017,21500
4930,2017,21480
4931,2018,34980
4932,2019,19980
4933,2019,20980
4934,2019,27500
4935,2019,29000
4936,2019,36980
4937,2019,26980
4938,2019,41174
4939,2019,35480
4940,2016,48480
4941,2019,24750
4942,2019,24980
4943,2019,26480
4944,2016,18480
4945,2017,20500
4946,2016,17280
4947,2016,20680
4948,2016,16980
4949,2017,13980
4950,2019,25780
4951,2019,28980
4952,2019,27980
4953,2019,27980
4954,2019,22280
4955,2019,23980
4956,2019,22480
4957,2019,26480
4958,2019,26480
4959,2019,25980
4960,2019,19980
4961,2019,19980
4962,2019,24000
4963,2019,29480
4964,2019,46980
4965,2016,26000
4966,2016,32480
4967,2017,27980
4968,2018,35980
4969,2019,23480
4970,2019,24480
4971,2019,45980
4972,2019,29480
4973,2019,23480
4974,2019,22980
4975,2019,39500
4976,2020,36980
4977,2014,20000
4978,2019,41480
4979,2016,24980
4980,2019,26680
4981,2019,34980
4982,2018,22980
4983,2020,49980
4984,2019,44480
4985,2020,48980
4986,2017,15980
4987,2019,45980
4988,2020,39980
4989,2019,47980
4990,2020,67480
4991,2020,39980
4992,2017,15680
4993,2019,43680
4994,2019,37980
4995,2019,49980
4996,2017,22480
4997,2019,34980
4998,2019,44980
4999,2019,29500
5000,2019,27480
5001,2019,26480
5002,2017,22490
5003,2016,19390
5004,2015,14500
5005,2016,17990
5006,2016,18890
5007,2019,27890
5008,2019,24490
5009,2019,55690
5010,2019,28990
5011,2017,16990
5012,2017,20490
5013,2016,16990
5014,2019,24490
5015,2018,16990
5016,2019,19690
5017,2019,23990
5018,2017,28490
5019,2018,31480
5020,2018,31480
5021,2018,30680
5022,2019,24780
5023,2019,29980
5024,2018,19480
5025,2019,24980
5026,2019,24980
5027,2018,31480
5028,2016,18990
5029,2015,15490
5030,2019,27990
5031,2019,25990
5032,2019,25490
5033,2019,22990
5034,2019,48890
5035,2017,16690
5036,2019,22890
5037,2019,22990
5038,2016,12750
5039,2014,13290
5040,2015,14990
5041,2015,23000
5042,2017,19990
5043,2016,12000
5044,2018,18890
5045,2019,29950
5046,2014,11750
5047,2016,18490
5048,2019,24966
5049,2019,21856
5050,2019,28866
5051,2019,22926
5052,2019,17096
5053,2019,18844
5054,2018,19056
5055,2019,37286
5056,2019,26026
5057,2017,20672
5058,2017,13952
5059,2019,23632
5060,2019,24682
5061,2017,18886
5062,2019,27146
5063,2018,58332
5064,2017,21085
5065,2016,22792
5066,2017,33612
5067,2017,31112
5068,2019,18780
5069,2019,18780
5070,2019,27980
5071,2019,28500
5072,2019,18780
5073,2019,18780
5074,2018,23480
5075,2017,24980
5076,2018,30480
5077,2017,23980
5078,2020,29987
5079,2020,25487
5080,2020,26987
5081,2020,27987
5082,2019,36310
5083,2019,25520
5084,2019,41630
5085,2019,41430
5086,2019,45106
5087,2019,22056
5088,2015,16280
5089,2015,17280
5090,2019,29980
5091,2019,29480
5092,2019,33780
5093,2019,29980
5094,2019,31480
5095,2019,23480
5096,2019,31980
5097,2019,30500
5098,2016,14038
5099,2017,16991
5100,2016,18872
5101,2019,23314
5102,2017,19642
5103,2016,27500
5104,2015,19990
5105,2014,12995
5106,2017,26995
5107,2016,18500
5108,2014,11750
5109,2013,14250
5110,2016,12000
5111,2019,24987
5112,2019,28987
5113,2019,42987
5114,2019,42987
5115,2019,38987
5116,2019,41730
5117,2017,24912
5118,2017,35822
5119,2020,34987
5120,2020,24987
5121,2016,14472
5122,2019,24124
5123,2019,23950
5124,2019,28987
5125,2019,24094
5126,2017,17245
5127,2017,41962
5128,2017,21500
5129,2017,19500
5130,2019,28452
5131,2017,18791
5132,2019,27300
5133,2019,24172
5134,2016,14552
5135,2018,39900
5136,2016,15012
5137,2019,33842
5138,2019,46710
5139,2019,54282
5140,2019,32670
5141,2019,21980
5142,2019,31980
5143,2019,19410
5144,2017,37982
5145,2019,34987
5146,2019,43987
5147,2019,44987
5148,2019,23987
5149,2019,38487
5150,2019,21980
5151,2018,29480
5152,2019,25780
5153,2019,34980
5154,2019,44980
5155,2019,20480
5156,2019,29500
5157,2019,25980
5158,2019,23980
5159,2018,31480
5160,2016,20480
5161,2016,35980
5162,2016,34380
5163,2016,25000
5164,2019,36980
5165,2017,36980
5166,2018,25280
5167,2019,30000
5168,2019,32980
5169,2019,29980
5170,2019,29980
5171,2019,34480
5172,2019,45480
5173,2019,39897
5174,2016,24480
5175,2019,29500
5176,2018,35002
5177,2019,30480
5178,2019,33480
5179,2019,33480
5180,2019,23980
5181,2019,29980
5182,2019,29980
5183,2019,21480
5184,2019,31980
5185,2020,40480
5186,2019,37980
5187,2019,30980
5188,2019,37480
5189,2017,25000
5190,2016,19000
5191,2016,21500
5192,2017,17490
5193,2020,49980
5194,2020,35980
5195,2020,35980
5196,2017,20980
5197,2017,20480
5198,2020,40980
5199,2019,24980
5200,2019,22800
5201,2019,28180
5202,2019,23680
5203,2018,23500
5204,2019,44480
5205,2019,25780
5206,2019,23480
5207,2019,23780
5208,2018,27980
5209,2019,24780
5210,2015,11680
5211,2016,25980
5212,2019,21980
5213,2019,49980
5214,2016,21980
5215,2019,26980
5216,2019,20380
5217,2020,43995
5218,2014,12995
5219,2019,22940
5220,2019,32640
5221,2017,20940
5222,2016,31041
5223,2016,14600
5224,2017,16500
5225,2017,15200
5226,2016,20449
5227,2019,21656
5228,2019,25950
5229,2019,21497
5230,2019,31740
5231,2019,30450
5232,2019,47950
5233,2019,32240
5234,2019,32540
5235,2019,30640
5236,2019,26140
5237,2019,26480
5238,2019,74980
5239,2019,30980
5240,2018,28480
5241,2019,38480
5242,2016,18980
5243,2019,20480
5244,2018,24040
5245,2017,37000
5246,2016,17440
5247,2019,34740
5248,2019,28450
5249,2019,30240
5250,2019,28150
5251,2019,34740
5252,2019,40531
5253,2019,32940
5254,2019,27280
5255,2019,27980
5256,2019,27980
5257,2019,26980
5258,2019,27480
5259,2016,16680
5260,2016,18980
5261,2019,26995
5262,2018,27950
5263,2019,27250
5264,2018,23500
5265,2019,36000
5266,2018,77500
5267,2019,39750
5268,2017,24750
5269,2019,42995
5270,2016,33750
5271,2019,24995
5272,2019,24640
5273,2019,30840
5274,2019,21340
5275,2019,24940
5276,2019,21940
5277,2019,28940
5278,2019,26940
5279,2019,31640
5280,2019,26440
5281,2015,12233
5282,2017,19940
5283,2017,20240
5284,2017,19240
5285,2019,30740
5286,2019,24640
5287,2018,21995
5288,2018,19995
5289,2016,28980
5290,2019,48480
5291,2018,22980
5292,2019,39000
5293,2020,24780
5294,2020,22980
5295,2019,25440
5296,2019,23740
5297,2019,46995
5298,2020,46402
5299,2020,54000
5300,2016,14500
5301,2019,25080
5302,2017,22380
5303,2014,13991
5304,2014,12600
5305,2017,17295
5306,2013,10999
5307,2014,15600
5308,2018,25500
5309,2019,25495
5310,2017,18495
5311,2019,105000
5312,2019,24987
5313,2019,36987
5314,2019,43987
5315,2017,20662
5316,2019,22490
5317,2019,22990
5318,2019,22990
5319,2019,22990
5320,2014,14732
5321,2015,15500
5322,2019,29000
5323,2016,14500
5324,2018,25750
5325,2019,30000
5326,2019,19750
5327,2019,48980
5328,2019,24780
5329,2017,14500
5330,2018,30380
5331,2018,30680
5332,2019,32980
5333,2016,20380
5334,2020,33980
5335,2019,26487
5336,2020,25344
5337,2017,15950
5338,2019,27995
5339,2014,10932
5340,2017,24502
5341,2016,22490
5342,2015,14490
5343,2017,18490
5344,2019,39700
5345,2015,11772
5346,2019,45390
5347,2020,28991
5348,2020,29991
5349,2020,30991
5350,2020,29991
5351,2020,24991
5352,2020,41991
5353,2020,35491
5354,2018,18700
5355,2017,14307
5356,2016,19740
5357,2018,18900
5358,2016,16800
5359,2016,20510
5360,2015,12340
5361,2018,19660
5362,2016,16900
5363,2019,39995
5364,2020,39950
5365,2020,29750
5366,2020,38995
5367,2020,38995
5368,2016,24995
5369,2016,56995
5370,2019,24495
5371,2019,22000
5372,2014,11750
5373,2020,39995
5374,2019,26450
5375,2017,21995
5376,2019,36995
5377,2019,26000
5378,2018,22995
5379,2019,32500
5380,2017,20491
5381,2015,16341
5382,2018,22031
5383,2019,25984
5384,2018,16571
5385,2016,29221
5386,2017,16690
5387,2016,18280
5388,2016,13600
5389,2014,15500
5390,2017,17200
5391,2016,16500
5392,2018,21500
5393,2018,28000
5394,2019,24480
5395,2015,10090
5396,2017,21182
5397,2019,30976
5398,2019,45636
5399,2019,25196
5400,2019,26385
5401,2019,26335
5402,2018,17906
5403,2019,28706
5404,2016,20052
5405,2019,45386
5406,2019,23842
5407,2019,30672
5408,2017,23111
5409,2018,29992
5410,2019,26176
5411,2019,19284
5412,2017,25092
5413,2017,23401
5414,2017,21156
5415,2019,26176
5416,2019,49792
5417,2017,16911
5418,2015,15142
5419,2017,23942
5420,2019,25810
5421,2019,27780
5422,2019,19090
5423,2017,18812
5424,2019,36450
5425,2019,25920
5426,2019,22524
5427,2019,18964
5428,2015,16892
5429,2019,34526
5430,2016,16306
5431,2017,15362
5432,2017,22452
5433,2018,17572
5434,2017,15042
5435,2019,22706
5436,2017,15872
5437,2016,19383
5438,2019,27696
5439,2019,20952
5440,2018,22162
5441,2017,39336
5442,2017,18836
5443,2017,31664
5444,2019,42450
5445,2017,16092
5446,2018,38782
5447,2017,46002
5448,2019,57526
5449,2019,20340
5450,2019,23700
5451,2019,45800
5452,2019,37680
5453,2019,39680
5454,2019,36350
5455,2019,29066
5456,2014,12995
5457,2015,16495
5458,2015,16691
5459,2016,16512
5460,2017,20191
5461,2016,15071
5462,2016,25342
5463,2019,51912
5464,2016,38362
5465,2017,21011
5466,2018,20822
5467,2019,39991
5468,2019,48491
5469,2019,38991
5470,2019,26991
5471,2019,37991
5472,2019,41491
5473,2017,18258
5474,2019,30941
5475,2018,40796
5476,2019,21995
5477,2017,40980
5478,2016,19802
5479,2020,36851
5480,2019,41620
5481,2019,39200
5482,2019,23340
5483,2019,18990
5484,2019,19560
5485,2017,22151
5486,2017,28962
5487,2017,21972
5488,2020,25991
5489,2019,43750
5490,2019,23480
5491,2019,21450
5492,2019,36420
5493,2019,49010
5494,2018,20932
5495,2019,36090
5496,2016,22890
5497,2016,20990
5498,2019,27490
5499,2017,30890
5500,2017,31990
5501,2015,30990
5502,2017,27890
5503,2016,15890
5504,2017,33890
5505,2018,33890
5506,2017,17107
5507,2017,14420
5508,2015,12995
5509,2018,15812
5510,2019,32526
5511,2019,19182
5512,2019,25676
5513,2019,24202
5514,2018,23963
5515,2019,30436
5516,2019,31216
5517,2019,29966
5518,2016,14581
5519,2015,15395
5520,2017,20795
5521,2015,12999
5522,2015,15995
5523,2015,12995
5524,2014,13999
5525,2018,22900
5526,2019,24711
5527,2016,31982
5528,2013,14972
5529,2019,16846
5530,2016,22450
5531,2016,19990
5532,2018,22990
5533,2017,18890
5534,2017,19890
5535,2018,36990
5536,2020,27990
5537,2020,24990
5538,2019,32690
5539,2016,17450
5540,2016,19812
5541,2020,28891
5542,2019,38200
5543,2019,35891
5544,2019,33190
5545,2017,20662
5546,2018,22072
5547,2017,23462
5548,2016,21991
5549,2018,33690
5550,2016,31990
5551,2020,25490
5552,2019,37790
5553,2017,29090
5554,2018,26490
5555,2015,14290
5556,2019,23890
5557,2019,20990
5558,2016,22372
5559,2017,21111
5560,2019,30582
5561,2017,19981
5562,2018,18171
5563,2014,15491
5564,2018,20490
5565,2019,35891
5566,2016,20391
5567,2018,18972
5568,2018,28982
5569,2015,15135
5570,2019,34120
5571,2020,35981
5572,2019,22760
5573,2019,31480
5574,2019,23490
5575,2019,22380
5576,2014,11650
5577,2016,13990
5578,2014,9701
5579,2017,18956
5580,2017,17150
5581,2015,15250
5582,2019,42981
5583,2019,35981
5584,2014,13995
5585,2017,21990
5586,2017,17490
5587,2018,34990
5588,2016,19750
5589,2013,11000
5590,2017,19000
5591,2017,17880
5592,2018,20690
5593,2016,18590
5594,2019,23490
5595,2019,25490
5596,2019,20690
5597,2019,20990
5598,2019,23490
5599,2019,23790
5600,2019,34990
5601,2019,25490
5602,2019,21490
5603,2013,13495
5604,2018,16289
5605,2014,10489
5606,2015,15789
5607,2017,15989
5608,2016,14789
5609,2018,17490
5610,2016,14495
5611,2017,14371
5612,2016,79950
5613,2020,24490
5614,2019,28466
5615,2019,26396
5616,2019,32026
5617,2016,20503
5618,2017,20342
5619,2017,40321
5620,2015,44176
5621,2016,18532
5622,2017,29062
5623,2017,18812
5624,2019,31490
5625,2019,26990
5626,2019,22990
5627,2014,13590
5628,2017,18289
5629,2017,16810
5630,2017,16300
5631,2015,18500
5632,2017,21680
5633,2013,9595
5634,2015,15495
5635,2018,26995
5636,2019,22995
5637,2019,32490
5638,2019,22990
5639,2020,38990
5640,2020,28490
5641,2019,24490
5642,2019,36490
5643,2020,28490
5644,2019,22990
5645,2020,27990
5646,2017,24490
5647,2019,20990
5648,2016,18990
5649,2016,18490
5650,2019,23890
5651,2016,18490
5652,2017,17990
5653,2016,28490
5654,2018,31975
5655,2017,22995
5656,2019,40850
5657,2019,21950
5658,2018,17495
5659,2017,21950
5660,2017,26950
5661,2018,77850
5662,2015,99850
5663,2014,24490
5664,2017,24990
5665,2018,49990
5666,2018,19990
5667,2016,18495
5668,2018,17495
5669,2017,17595
5670,2017,23400
5671,2017,21958
5672,2019,24790
5673,2019,24490
5674,2018,23390
5675,2016,18490
5676,2014,8490
5677,2016,21490
5678,2019,25490
5679,2015,22990
5680,2017,23490
5681,2019,22495
5682,2018,37495
5683,2019,27995
5684,2019,32995
5685,2020,23490
5686,2017,24990
5687,2017,30490
5688,2016,23490
5689,2015,15890
5690,2018,21990
5691,2019,23995
5692,2020,49995
5693,2020,39994
5694,2020,25995
5695,2020,39994
5696,2020,24995
5697,2020,39995
5698,2019,45394
5699,2020,25995
5700,2016,14990
5701,2015,14365
5702,2017,11990
5703,2019,28395
5704,2018,27994
5705,2019,25494
5706,2019,28985
5707,2016,26295
5708,2019,19295
5709,2018,41495
5710,2018,24994
5711,2019,45394
5712,2018,23995
5713,2018,26490
5714,2017,28490
5715,2017,20990
5716,2016,18990
5717,2017,21890
5718,2017,17880
5719,2018,17090
5720,2017,14307
5721,2018,18450
5722,2019,24990
5723,2019,31490
5724,2019,19490
5725,2019,19990
5726,2019,19790
5727,2018,26890
5728,2018,50990
5729,2017,16790
5730,2014,16990
5731,2017,19990
5732,2019,24995
5733,2017,14995
5734,2019,45394
5735,2019,47995
5736,2019,20995
5737,2018,22766
5738,2018,20682
5739,2016,19490
5740,2015,16990
5741,2018,29990
5742,2019,21290
5743,2019,25490
5744,2018,24990
5745,2014,17990
5746,2014,43990
5747,2019,23990
5748,2015,16990
5749,2018,18490
5750,2016,18990
5751,2019,23690
5752,2018,24890
5753,2019,22490
5754,2016,18990
5755,2015,14150
5756,2016,15000
5757,2018,16990
5758,2016,22495
5759,2017,14995
5760,2019,39890
5761,2019,28990
5762,2019,53990
5763,2019,35995
5764,2019,45995
5765,2016,18995
5766,2019,28995
5767,2019,28995
5768,2019,31495
5769,2016,17172
5770,2016,16982
5771,2020,37950
5772,2017,33000
5773,2017,30300
5774,2017,29800
5775,2018,28950
5776,2017,28490
5777,2020,47890
5778,2020,35990
5779,2020,65990
5780,2020,30990
5781,2020,24990
5782,2020,27990
5783,2020,35990
5784,2019,22890
5785,2019,25490
5786,2019,25490
5787,2019,25490
5788,2019,32890
5789,2019,35490
5790,2019,55890
5791,2016,16295
5792,2014,15999
5793,2016,18150
5794,2016,18150
5795,2015,13750
5796,2020,30990
5797,2019,24490
5798,2017,38990
5799,2015,13490
5800,2019,27990
5801,2015,18395
5802,2017,16294
5803,2016,17995
5804,2017,14994
5805,2017,19495
5806,2017,22395
5807,2018,17495
5808,2019,46495
5809,2017,19495
5810,2017,23994
5811,2020,25990
5812,2015,17690
5813,2017,18790
5814,2013,11690
5815,2017,19890
5816,2019,24990
5817,2019,25490
5818,2019,29990
5819,2018,18990
5820,2019,30490
5821,2019,30490
5822,2019,22990
5823,2019,54890
5824,2019,36490
5825,2019,33990
5826,2019,41890
5827,2019,50640
5828,2019,57633
5829,2019,35660
5830,2019,36360
5831,2019,36920
5832,2019,23800
5833,2017,27782
5834,2017,15072
5835,2018,19012
5836,2018,17132
5837,2020,30990
5838,2019,27990
5839,2019,25490
5840,2019,25490
5841,2019,22990
5842,2019,28990
5843,2020,37890
5844,2016,12690
5845,2017,17490
5846,2019,47890
5847,2019,31990
5848,2019,29890
5849,2019,28390
5850,2019,24490
5851,2019,25890
5852,2020,33120
5853,2020,46200
5854,2020,31001
5855,2014,15499
5856,2015,17030
5857,2014,15830
5858,2016,19790
5859,2013,9608
5860,2016,15921
5861,2019,23250
5862,2018,26060
5863,2013,13150
5864,2019,27490
5865,2020,26880
5866,2020,26880
5867,2020,26880
5868,2020,28200
5869,2020,27720
5870,2020,37080
5871,2016,18902
5872,2017,18801
5873,2018,24222
5874,2017,21362
5875,2017,20792
5876,2019,31346
5877,2019,18946
5878,2018,51416
5879,2018,19462
5880,2016,18942
5881,2019,53010
5882,2015,28561
5883,2017,17901
5884,2018,38123
5885,2013,8795
5886,2019,23122
5887,2019,29755
5888,2019,24172
5889,2019,18672
5890,2018,21492
5891,2019,29386
5892,2018,23522
5893,2018,41632
5894,2020,33120
5895,2017,18192
5896,2018,19450
5897,2018,28452
5898,2018,28082
5899,2019,25675
5900,2016,20592
5901,2017,18896
5902,2018,135771
5903,2019,46220
5904,2018,41501
5905,2019,40260
5906,2019,35068
5907,2019,51540
5908,2019,29316
5909,2017,16501
5910,2017,32222
5911,2018,20792
5912,2019,36000
5913,2017,18401
5914,2017,18101
5915,2018,26951
5916,2016,18501
5917,2017,14981
5918,2016,24486
5919,2015,15499
5920,2018,28842
5921,2019,23016
5922,2019,26876
5923,2017,17462
5924,2015,20262
5925,2017,21752
5926,2015,16502
5927,2017,14542
5928,2016,19552
5929,2019,21326
5930,2019,32375
5931,2014,29772
5932,2018,31796
5933,2017,20651
5934,2020,16862
5935,2017,26551
5936,2014,11850
5937,2016,25432
5938,2017,21042
5939,2019,24660
5940,2017,24202
5941,2019,39960
5942,2019,24202
5943,2017,19922
5944,2019,28692
5945,2019,24562
5946,2017,26512
5947,2018,29449
5948,2016,17050
5949,2019,28929
5950,2019,19302
5951,2019,23980
5952,2019,33932
5953,2019,36412
5954,2019,36412
5955,2019,33932
5956,2019,44670
5957,2019,39190
5958,2019,25440
5959,2019,37321
5960,2019,38521
5961,2019,40924
5962,2019,44160
5963,2019,58921
5964,2019,44280
5965,2019,61990
5966,2019,32734
5967,2018,25301
5968,2018,23202
5969,2019,26925
5970,2018,19682
5971,2018,21326
5972,2018,29401
5973,2016,18232
5974,2014,9792
5975,2018,29932
5976,2016,19232
5977,2013,11552
5978,2018,41112
5979,2017,16292
5980,2016,16592
5981,2017,29302
5982,2017,15001
5983,2017,17272
5984,2016,19250
5985,2016,17899
5986,2019,39496
5987,2017,13782
5988,2016,16072
5989,2016,33037
5990,2019,19114
5991,2018,25882
5992,2016,17136
5993,2018,18192
5994,2018,27326
5995,2017,22706
5996,2019,30666
5997,2019,31876
5998,2019,26866
5999,2019,28825
6000,2019,26185
6001,2015,15695
6002,2017,32745
6003,2017,17495
6004,2016,17399
6005,2015,15999
6006,2014,12999
6007,2017,18792
6008,2019,39838
6009,2019,37970
6010,2019,47550
6011,2019,39480
6012,2019,79210
6013,2019,46076
6014,2019,23820
6015,2017,23332
6016,2017,19895
6017,2015,16946
6018,2017,20992
6019,2016,14401
6020,2019,21210
6021,2019,23200
6022,2019,52713
6023,2019,36890
6024,2016,28652
6025,2017,16601
6026,2019,56693
6027,2019,59812
6028,2019,38520
6029,2017,30122
6030,2017,29676
6031,2019,43995
6032,2019,63495
6033,2019,30995
6034,2019,32495
6035,2019,31995
6036,2019,46995
6037,2019,46895
6038,2019,45395
6039,2020,23495
6040,2019,34995
6041,2018,27950
6042,2014,15950
6043,2016,16950
6044,2015,16000
6045,2017,20000
6046,2017,19995
6047,2018,22995
6048,2019,25750
6049,2017,19019
6050,2018,30995
6051,2016,23950
6052,2018,27989
6053,2018,24975
6054,2017,26925
6055,2015,19599
6056,2019,27950
6057,2019,26999
6058,2018,34999
6059,2015,13795
6060,2014,12450
6061,2019,27995
6062,2019,29995
6063,2019,32995
6064,2019,25495
6065,2018,26595
6066,2018,21695
6067,2019,31628
6068,2018,36495
6069,2017,14645
6070,2018,26995
6071,2018,42895
6072,2019,31295
6073,2019,23945
6074,2016,32995
6075,2019,25495
6076,2019,24795
6077,2019,32994
6078,2018,17499
6079,2016,18750
6080,2017,21450
6081,2019,30840
6082,2019,27295
6083,2019,29595
6084,2014,16995
6085,2016,22995
6086,2019,21795
6087,2019,21995
6088,2019,35995
6089,2019,35995
6090,2019,23495
6091,2019,23995
6092,2019,21295
6093,2019,24495
6094,2019,31295
6095,2019,31795
6096,2019,34695
6097,2018,26395
6098,2019,28795
6099,2019,24595
6100,2019,25495
6101,2019,24000
6102,2013,15000
6103,2017,14500
6104,2016,22000
6105,2018,20500
6106,2016,18000
6107,2017,16795
6108,2019,25495
6109,2019,20295
6110,2019,23495
6111,2019,18195
6112,2018,26295
6113,2020,26495
6114,2020,27995
6115,2019,24003
6116,2019,47995
6117,2019,32495
6118,2020,27995
6119,2020,50495
6120,2017,20995
6121,2019,26995
6122,2019,42895
6123,2019,32495
6124,2017,16995
6125,2019,28995
6126,2019,29995
6127,2019,30995
6128,2019,26995
6129,2019,37995
6130,2019,21480
6131,2017,20981
6132,2018,29981
6133,2019,38949
6134,2019,24981
6135,2018,27890
6136,2019,29990
6137,2019,25989
6138,2019,26990
6139,2019,26990
6140,2019,35990
6141,2019,43989
6142,2019,44990
6143,2018,43980
6144,2018,30980
6145,2019,24981
6146,2019,26981
6147,2019,44981
6148,2019,29990
6149,2019,21480
6150,2019,28989
6151,2017,26949
6152,2018,24750
6153,2018,21891
6154,2017,19989
6155,2018,32950
6156,2016,35990
6157,2019,27750
6158,2017,41990
6159,2015,23000
6160,2016,16490
6161,2019,49989
6162,2017,23481
6163,2020,46990
6164,2019,34989
6165,2019,24990
6166,2019,25989
6167,2017,18981
6168,2017,23990
6169,2019,29990
6170,2017,32990
6171,2017,26480
6172,2016,22480
6173,2017,21490
6174,2016,36981
6175,2019,22989
6176,2017,34990
6177,2019,65990
6178,2017,19990
6179,2019,59949
6180,2019,76989
6181,2017,17981
6182,2019,52990
6183,2019,34139
6184,2019,49950
6185,2019,49950
6186,2019,69950
6187,2019,39990
6188,2019,37989
6189,2020,54990
6190,2017,19950
6191,2015,15349
6192,2015,17490
6193,2019,32889
6194,2019,48890
6195,2019,26499
6196,2019,66890
6197,2019,26979
6198,2019,37995
6199,2020,159999
6200,2019,22890
6201,2014,15990
6202,2017,26780
6203,2017,21950
6204,2019,27949
6205,2019,34890
6206,2020,28989
6207,2019,39450
6208,2016,24890
6209,2019,31500
6210,2019,129990
6211,2017,29990
6212,2020,24500
6213,2020,24500
6214,2020,25890
6215,2019,39101
6216,2017,16250
6217,2019,53990
6218,2019,63999
6219,2019,26750
6220,2017,13980
6221,2019,41890
6222,2017,28450
6223,2019,124999
6224,2020,39990
6225,2019,43490
6226,2019,31980
6227,2019,29890
6228,2019,49989
6229,2019,31890
6230,2017,20490
6231,2019,21890
6232,2016,19980
6233,2019,39500
6234,2015,13890
6235,2019,24890
6236,2019,29889
6237,2015,12490
6238,2017,27980
6239,2018,79989
6240,2019,48890
6241,2017,26990
6242,2015,11480
6243,2016,22500
6244,2015,16490
6245,2018,49980
6246,2017,14490
6247,2018,22250
6248,2017,18979
6249,2017,19500
6250,2016,14490
6251,2019,30890
6252,2019,31890
6253,2019,29889
6254,2019,27890
6255,2019,30890
6256,2018,41994
6257,2019,30500
6258,2019,29490
6259,2019,20890
6260,2018,45890
6261,2019,25980
6262,2019,25489
6263,2017,30890
6264,2017,32980
6265,2019,25890
6266,2019,21890
6267,2018,26950
6268,2017,20490
6269,2017,20490
6270,2016,47995
6271,2017,18495
6272,2017,18795
6273,2019,23495
6274,2019,50995
6275,2019,33995
6276,2019,30995
6277,2019,25995
6278,2018,26595
6279,2019,25890
6280,2019,31890
6281,2019,18450
6282,2019,46890
6283,2019,23490
6284,2018,21189
6285,2019,31980
6286,2019,28500
6287,2019,32499
6288,2019,30889
6289,2019,22795
6290,2020,22495
6291,2020,24495
6292,2019,29995
6293,2017,49890
6294,2018,29750
6295,2019,33000
6296,2019,28980
6297,2020,44995
6298,2020,54995
6299,2020,49995
6300,2020,24495
6301,2020,39995
6302,2020,72995
6303,2020,75995
6304,2016,32134
6305,2018,39495
6306,2016,32895
6307,2017,33995
6308,2015,13995
6309,2019,42995
6310,2017,36895
6311,2019,27995
6312,2018,17990
6313,2019,30890
6314,2016,17979
6315,2017,16489
6316,2019,34970
6317,2017,23980
6318,2019,51890
6319,2019,47979
6320,2019,27889
6321,2019,27889
6322,2019,35000
6323,2019,32499
6324,2019,32499
6325,2018,34749
6326,2018,25890
6327,2019,21890
6328,2019,32890
6329,2019,19950
6330,2019,30890
6331,2019,29990
6332,2019,26499
6333,2019,26499
6334,2016,31945
6335,2018,20995
6336,2017,19995
6337,2019,47995
6338,2019,49995
6339,2019,27195
6340,2016,26295
6341,2019,39995
6342,2019,45995
6343,2019,61995
6344,2015,15895
6345,2015,12245
6346,2018,30995
6347,2016,21895
6348,2019,31995
6349,2019,61495
6350,2019,39495
6351,2019,29995
6352,2019,31995
6353,2019,31995
6354,2019,29995
6355,2017,17795
6356,2019,25995
6357,2019,28995
6358,2019,31995
6359,2020,49995
6360,2020,22495
6361,2016,22990
6362,2014,14890
6363,2016,15890
6364,2019,18690
6365,2018,16980
6366,2017,34980
6367,2017,30745
6368,2017,21495
6369,2017,16985
6370,2018,43289
6371,2017,53989
6372,2017,42489
6373,2019,43489
6374,2019,32995
6375,2019,25995
6376,2017,18990
6377,2016,20895
6378,2016,31495
6379,2019,26395
6380,2014,32995
6381,2017,32995
6382,2017,23995
6383,2018,26595
6384,2019,33995
6385,2019,41795
6386,2018,139995
6387,2014,15323
6388,2016,15495
6389,2017,18495
6390,2019,23995
6391,2014,13295
6392,2017,15495
6393,2017,26995
6394,2019,27495
6395,2016,18995
6396,2019,31995
6397,2019,46895
6398,2019,25495
6399,2019,69995
6400,2016,35995
6401,2019,30995
6402,2019,26995
6403,2019,24995
6404,2019,30995
6405,2018,42134
6406,2020,29995
6407,2020,39895
6408,2020,42990
6409,2016,69995
6410,2019,55995
6411,2019,21895
6412,2019,42495
6413,2019,38995
6414,2019,38885
6415,2016,17995
6416,2017,29995
6417,2016,19250
6418,2016,28950
6419,2017,41750
6420,2018,26250
6421,2016,23750
6422,2016,17990
6423,2017,21890
6424,2017,37500
6425,2019,31950
6426,2019,34950
6427,2019,34995
6428,2019,30890
6429,2019,41750
6430,2019,24950
6431,2019,38949
6432,2019,26949
6433,2019,28950
6434,2019,24950
6435,2019,40890
6436,2019,26889
6437,2019,26949
6438,2019,26949
6439,2019,31950
6440,2019,28749
6441,2019,27950
6442,2019,31950
6443,2019,30950
6444,2019,34890
6445,2019,27750
6446,2019,20890
6447,2016,18950
6448,2016,18950
6449,2019,28950
6450,2019,26890
6451,2018,20889
6452,2017,19989
6453,2019,48750
6454,2019,42650
6455,2018,43750
6456,2019,30950
6457,2017,27450
6458,2014,13950
6459,2017,19950
6460,2017,14990
6461,2017,30950
6462,2016,24890
6463,2016,35889
6464,2018,21890
6465,2019,24950
6466,2017,20889
6467,2018,29649
6468,2017,18950
6469,2019,46650
6470,2019,23949
6471,2019,25449
6472,2019,23250
6473,2019,29949
6474,2019,28950
6475,2019,28950
6476,2017,32499
6477,2019,25950
6478,2019,52950
6479,2019,46950
6480,2019,31950
6481,2019,22950
6482,2019,29250
6483,2019,40950
6484,2019,25950
6485,2019,29950
6486,2017,16850
6487,2017,21950
6488,2019,39950
6489,2017,20949
6490,2018,20250
6491,2019,17810
6492,2018,22997
6493,2017,14495
6494,2016,16990
6495,2017,16450
6496,2019,20000
6497,2017,15250
6498,2017,21500
6499,2017,16495
6500,2019,49950
6501,2017,22489
6502,2019,37950
6503,2016,17450
6504,2019,39950
6505,2018,35890
6506,2018,35950
6507,2019,35950
6508,2019,32750
6509,2019,59950
6510,2018,22980
6511,2019,18890
6512,2018,18750
6513,2019,21890
6514,2018,19250
6515,2014,14750
6516,2017,17889
6517,2017,26495
6518,2015,18495
6519,2019,46895
6520,2016,19099
6521,2017,18799
6522,2019,24199
6523,2019,26099
6524,2019,26299
6525,2019,26399
6526,2017,15889
6527,2019,26299
6528,2013,8080
6529,2016,14120
6530,2017,18599
6531,2014,14199
6532,2015,15849
6533,2015,11249
6534,2017,19849
6535,2016,19399
6536,2016,20499
6537,2019,35049
6538,2019,32499
6539,2019,30989
6540,2017,42249
6541,2019,27949
6542,2017,24989
6543,2018,17499
6544,2016,23950
6545,2016,14190
6546,2016,15190
6547,2020,26495
6548,2020,24495
6549,2018,45895
6550,2019,22899
6551,2019,23699
6552,2019,22299
6553,2019,22699
6554,2015,18449
6555,2016,22399
6556,2017,21849
6557,2018,29399
6558,2019,24589
6559,2019,26099
6560,2019,23589
6561,2018,20599
6562,2019,23389
6563,2019,25899
6564,2019,23489
6565,2017,35149
6566,2017,28649
6567,2016,40999
6568,2017,20599
6569,2015,18599
6570,2019,21795
6571,2019,25495
6572,2019,20995
6573,2019,56495
6574,2019,45995
6575,2019,25745
6576,2017,71995
6577,2019,24999
6578,2019,67109
6579,2019,45799
6580,2019,25099
6581,2019,35099
6582,2019,33699
6583,2019,31599
6584,2017,21899
6585,2019,30599
6586,2019,31299
6587,2019,41949
6588,2019,40649
6589,2019,43999
6590,2016,21999
6591,2017,17099
6592,2017,22199
6593,2018,20599
6594,2018,30499
6595,2019,20799
6596,2018,29099
6597,2018,18049
6598,2017,15249
6599,2019,30949
6600,2019,20699
6601,2018,32399
6602,2019,38509
6603,2019,36249
6604,2019,29799
6605,2017,21499
6606,2017,14699
6607,2019,25199
6608,2016,17999
6609,2019,38699
6610,2019,29749
6611,2019,22499
6612,2019,32849
6613,2019,43499
6614,2019,43049
6615,2019,41799
6616,2017,20299
6617,2018,26299
6618,2019,27149
6619,2017,17599
6620,2019,19799
6621,2019,30049
6622,2019,26949
6623,2018,23399
6624,2015,23249
6625,2019,25399
6626,2019,26249
6627,2019,20249
6628,2019,19849
6629,2019,25599
6630,2019,24799
6631,2019,24799
6632,2019,25699
6633,2019,25699
6634,2019,30399
6635,2019,20599
6636,2019,19649
6637,2019,36099
6638,2019,25799
6639,2019,23849
6640,2019,23299
6641,2019,24049
6642,2019,20549
6643,2017,27799
6644,2019,33499
6645,2018,30399
6646,2018,23399
6647,2016,17299
6648,2016,18349
6649,2019,27999
6650,2019,38399
6651,2019,34499
6652,2019,27699
6653,2016,17299
6654,2019,35099
6655,2018,16299
6656,2019,26249
6657,2017,22789
6658,2013,12699
6659,2018,38995
6660,2019,24945
6661,2019,24945
6662,2019,24945
6663,2019,28945
6664,2019,28945
6665,2019,26995
6666,2019,28945
6667,2019,26995
6668,2019,28945
6669,2019,24945
6670,2019,27299
6671,2018,22299
6672,2019,23799
6673,2019,23299
6674,2019,23509
6675,2019,31299
6676,2019,24519
6677,2019,24519
6678,2019,36539
6679,2019,24919
6680,2015,16699
6681,2016,19849
6682,2019,25699
6683,2015,18099
6684,2016,18349
6685,2015,17749
6686,2019,22399
6687,2017,22149
6688,2019,21199
6689,2019,27199
6690,2019,29249
6691,2018,17999
6692,2017,20999
6693,2020,24889
6694,2020,24889
6695,2020,24889
6696,2020,24889
6697,2016,19999
6698,2018,33688
6699,2020,24889
6700,2014,16249
6701,2019,43299
6702,2017,24499
6703,2019,32500
6704,2019,20699
6705,2017,22699
6706,2016,20349
6707,2017,31989
6708,2019,41399
6709,2019,33799
6710,2019,24749
6711,2019,25899
6712,2019,23099
6713,2019,18849
6714,2019,24599
6715,2019,29649
6716,2019,37699
6717,2015,16999
6718,2019,24039
6719,2016,17799
6720,2017,22999
6721,2016,19799
6722,2019,22299
6723,2019,20599
6724,2016,16799
6725,2016,21099
6726,2018,21399
6727,2016,19999
6728,2019,28749
6729,2019,30649
6730,2016,17749
6731,2017,16099
6732,2017,20099
6733,2014,12499
6734,2016,15199
6735,2016,13799
6736,2016,20299
6737,2017,22499
6738,2018,17699
6739,2019,37189
6740,2019,24669
6741,2020,39579
6742,2020,25879
6743,2016,16499
6744,2020,42359
6745,2020,33469
6746,2020,25729
6747,2019,24199
6748,2019,24999
6749,2019,29399
6750,2019,26299
6751,2019,40099
6752,2019,26799
6753,2019,22899
6754,2017,42299
6755,2019,25799
6756,2017,16599
6757,2019,32949
6758,2016,16099
6759,2019,29649
6760,2019,20399
6761,2016,16549
6762,2017,21449
6763,2019,23899
6764,2019,20599
6765,2019,24749
6766,2019,24749
6767,2019,26449
6768,2019,24799
6769,2019,34999
6770,2019,19899
6771,2017,21299
6772,2019,24299
6773,2019,62499
6774,2019,26099
6775,2019,24399
6776,2017,21999
6777,2019,25389
6778,2019,47789
6779,2018,20199
6780,2016,19499
6781,2019,20199
6782,2017,28149
6783,2019,29749
6784,2019,19649
6785,2019,28449
6786,2019,26049
6787,2019,25749
6788,2017,13449
6789,2019,38699
6790,2019,41989
6791,2018,31299
6792,2017,22549
6793,2019,29299
6794,2019,40649
6795,2016,17349
6796,2015,16199
6797,2019,40749
6798,2019,45399
6799,2019,21099
6800,2017,19499
6801,2019,22299
6802,2016,17799
6803,2016,13999
6804,2019,24299
6805,2018,23649
6806,2019,23499
6807,2019,47749
6808,2019,29649
6809,2019,27999
6810,2019,20999
6811,2019,22699
6812,2019,24049
6813,2019,25799
6814,2019,25299
6815,2019,21199
6816,2019,19849
6817,2019,19849
6818,2019,25149
6819,2018,24099
6820,2019,33599
6821,2019,54899
6822,2019,34039
6823,2019,33789
6824,2016,19599
6825,2017,17049
6826,2019,31999
6827,2019,25699
6828,2019,25699
6829,2018,22499
6830,2019,44499
6831,2017,14999
6832,2019,29999
6833,2016,14499
6834,2019,22199
6835,2014,11699
6836,2015,16199
6837,2016,14799
6838,2018,26399
6839,2017,23899
6840,2017,21099
6841,2017,34849
6842,2017,21399
6843,2017,15699
6844,2016,15499
6845,2019,23199
6846,2019,24449
6847,2019,24349
6848,2019,28899
6849,2019,24249
6850,2019,22299
6851,2019,25899
6852,2019,26099
6853,2018,29499
6854,2019,34499
6855,2019,30249
6856,2019,30299
6857,2019,46549
6858,2019,23099
6859,2019,32049
6860,2019,21449
6861,2019,19899
6862,2019,19599
6863,2019,24449
6864,2019,38899
6865,2019,22199
6866,2019,36749
6867,2016,30389
6868,2019,22299
6869,2019,22499
6870,2017,20899
6871,2019,23199
6872,2019,29799
6873,2018,34199
6874,2019,25499
6875,2019,20999
6876,2018,18449
6877,2018,17299
6878,2015,14899
6879,2017,22499
6880,2019,32199
6881,2019,38899
6882,2019,29699
6883,2019,25599
6884,2017,19999
6885,2018,23899
6886,2019,28999
6887,2019,28999
6888,2019,28799
6889,2019,26199
6890,2020,28319
6891,2017,27699
6892,2015,23549
6893,2016,20699
6894,2019,25749
6895,2019,26299
6896,2019,25949
6897,2019,26449
6898,2019,24349
6899,2019,31649
6900,2016,20199
6901,2016,20049
6902,2016,17999
6903,2019,25249
6904,2019,31999
6905,2019,21399
6906,2019,23799
6907,2019,44999
6908,2019,44599
6909,2019,24999
6910,2015,16999
6911,2019,30199
6912,2019,23699
6913,2017,22399
6914,2017,20699
6915,2017,23999
6916,2019,49199
6917,2019,26599
6918,2019,25399
6919,2019,31199
6920,2019,53199
6921,2019,34799
6922,2019,26049
6923,2019,26349
6924,2019,37299
6925,2019,28799
6926,2017,21599
6927,2017,18999
6928,2017,20699
6929,2017,22499
6930,2019,26499
6931,2019,24399
6932,2019,28299
6933,2019,20299
6934,2019,22899
6935,2019,29999
6936,2020,44500
6937,2020,34500
6938,2020,34500
6939,2020,44500
6940,2020,31000
6941,2020,30500
6942,2020,30500
6943,2020,27300
6944,2019,24000
6945,2019,46250
6946,2017,18099
6947,2017,30199
6948,2017,22299
6949,2019,21999
6950,2019,26599
6951,2019,26799
6952,2019,31499
6953,2019,38099
6954,2019,35349
6955,2018,22299
6956,2019,25999
6957,2019,22199
6958,2019,25499
6959,2019,24799
6960,2019,20849
6961,2018,18749
6962,2017,20849
6963,2018,28389
6964,2018,22849
6965,2019,20249
6966,2020,26500
6967,2018,35000
6968,2017,20000
6969,2016,19113
6971,2020,34500
6972,2020,34500
6973,2020,30500
6974,2020,44500
6975,2020,26000
6976,2020,25500
6977,2019,39700
6978,2019,36000
6979,2016,27000
6980,2019,62500
6981,2020,26000
6982,2019,32148
6983,2019,27770
6984,2019,34800
6985,2019,51500
6986,2019,35159
6987,2015,17499
6988,2016,17399
6989,2017,22000
6990,2019,33680
6991,2019,24500
6992,2017,20600
6993,2019,32000
6994,2013,9500
6995,2018,45200
6996,2019,30879
6997,2018,23800
6998,2019,34950
6999,2015,20999
7000,2017,43949
7001,2016,12149
7002,2019,23199
7003,2017,20789
7004,2016,16799
7005,2018,13449
7006,2019,38500
7007,2016,27500
7008,2017,20500
7009,2019,28500
7010,2019,23500
7011,2019,25400
7012,2019,28150
7013,2019,26895
7014,2019,24500
7015,2019,24649
7016,2019,25549
7017,2019,23849
7018,2019,19749
7019,2019,19849
7020,2019,26249
7021,2019,26249
7022,2019,29199
7023,2019,25199
7024,2019,20200
7025,2018,19000
7026,2018,25000
7027,2019,44000
7028,2019,57000
7029,2017,43500
7030,2019,25000
7031,2019,24500
7032,2019,42000
7033,2019,26500
7034,2019,22800
7035,2019,25000
7036,2019,22400
7037,2017,19000
7038,2019,20000
7039,2019,28000
7040,2018,25000
7041,2019,28200
7042,2016,18850
7043,2020,25729
7044,2019,24648
7045,2019,35699
7046,2019,36349
7047,2019,55500
7048,2019,24799
7049,2019,20000
7050,2019,47499
7051,2019,47789
7052,2017,27799
7053,2019,22999
7054,2015,32249
7055,2015,18399
7056,2019,26099
7057,2019,19799
7058,2019,19799
7059,2019,25549
7060,2019,25699
7061,2019,26399
7062,2019,31399
7063,2019,23549
7064,2019,35699
7065,2019,47300
7066,2019,25500
7067,2016,30500
7068,2019,37000
7069,2019,32000
7070,2019,32500
7071,2019,31400
7072,2019,32500
7073,2020,27500
7074,2019,35000
7075,2019,31400
7076,2020,59000
7077,2020,22200
7078,2017,18510
7079,2019,31200
7080,2019,37000
7081,2019,35495
7082,2019,31500
7083,2019,25299
7084,2019,25399
7085,2019,20849
7086,2019,23149
7087,2019,36699
7088,2019,25699
7089,2017,21599
7090,2019,28499
7091,2016,27899
7092,2017,22099
7093,2017,20799
7094,2018,48799
7095,2017,21099
7096,2019,30149
7097,2019,33199
7098,2019,26799
7099,2019,25199
7100,2019,32499
7101,2019,35199
7102,2019,49399
7103,2019,25199
7104,2019,22899
7105,2019,27699
7106,2019,30999
7107,2019,34500
7108,2019,44000
7109,2019,33350
7110,2019,24000
7111,2019,25000
7112,2019,36000
7113,2019,67000
7114,2019,25500
7115,2017,20310
7116,2020,26000
7117,2019,32500
7118,2019,20449
7119,2019,30299
7120,2019,29799
7121,2019,20299
7122,2019,20249
7123,2017,19799
7124,2019,31899
7125,2019,31499
7126,2019,35199
7127,2019,55499
7128,2019,95099
7129,2019,27699
7130,2019,39999
7131,2019,26799
7132,2019,24999
7133,2019,32549
7134,2019,115359
7135,2019,86699
7136,2019,39129
7137,2019,74319
7138,2019,32749
7139,2019,24669
7140,2019,25399
7141,2019,22799
7142,2019,26899
7143,2019,30799
7144,2019,23599
7145,2019,25599
7146,2019,47789
7147,2019,29849
7148,2019,29099
7149,2019,23899
7150,2018,23249
7151,2018,22899
7152,2019,22299
7153,2016,18699
7154,2020,25879
7155,2020,25879
7156,2016,17999
7157,2019,20999
7158,2019,26999
7159,2019,29799
7160,2019,25349
7161,2019,20699
7162,2016,16499
7163,2020,48879
7164,2018,18799
7165,2019,26049
7166,2016,18449
7167,2017,14149
7168,2016,15549
7169,2018,34499
7170,2017,21299
7171,2019,24999
7172,2019,31199
7173,2019,20149
7174,2019,48499
7175,2019,21599
7176,2019,24799
7177,2019,26199
7178,2017,29249
7179,2019,20449
7180,2019,28249
7181,2020,25879
7182,2019,30499
7183,2017,19699
7184,2019,31699
7185,2019,24699
7186,2019,25549
7187,2019,24799
7188,2019,25199
7189,2019,25949
7190,2019,22799
7191,2019,19899
7192,2018,22549
7193,2019,23299
7194,2019,19849
7195,2019,24999
7196,2019,25649
7197,2019,25149
7198,2019,26049
7199,2019,29249
7200,2019,32949
7201,2019,35349
7202,2018,19399
7203,2019,23338
7204,2014,11999
7205,2019,19499
7206,2018,24399
7207,2017,16599
7208,2016,20999
7209,2019,25399
7210,2019,20799
7211,2019,20299
7212,2019,20699
7213,2019,25199
7214,2019,41999
7215,2019,22299
7216,2019,43999
7217,2019,34099
7218,2017,13599
7219,2019,22699
7220,2014,14999
7221,2017,18749
7222,2019,75099
7223,2016,19349
7224,2018,16699
7225,2017,19999
7226,2017,37199
7227,2019,26299
7228,2017,14999
7229,2019,19999
7230,2019,25899
7231,2017,13999
7232,2019,29399
7233,2019,22799
7234,2019,22799
7235,2019,22799
7236,2019,25299
7237,2019,24799
7238,2019,36599
7239,2019,33699
7240,2019,46899
7241,2019,49499
7242,2019,30599
7243,2020,25479
7244,2020,25879
7245,2020,25879
7246,2020,25879
7247,2020,25879
7248,2020,25879
7249,2019,22199
7250,2020,25879
7251,2019,53999
7252,2020,25729
7253,2019,24699
7254,2018,60799
7255,2019,35499
7256,2019,35099
7257,2019,55599
7258,2019,57799
7259,2019,31899
7260,2019,35299
7261,2019,32399
7262,2019,29699
7263,2019,34899
7264,2019,33399
7265,2019,42399
7266,2019,66699
7267,2019,56499
7268,2019,50299
7269,2019,32599
7270,2019,34299
7271,2019,31609
7272,2019,22699
7273,2019,45799
7274,2018,59899
7275,2019,32919
7276,2019,24669
7277,2019,31779
7278,2017,20749
7279,2018,24499
7280,2019,22899
7281,2019,54999
7282,2019,24099
7283,2019,25799
7284,2019,23399
7285,2019,25099
7286,2019,26099
7287,2019,32199
7288,2019,30599
7289,2019,54999
7290,2019,25899
7291,2019,26099
7292,2019,42599
7293,2019,24999
7294,2019,29699
7295,2019,29899
7296,2019,25699
7297,2017,19199
7298,2018,23199
7299,2018,28499
7300,2019,24399
7301,2018,21999
7302,2019,22199
7303,2019,34499
7304,2018,34799
7305,2019,42599
7306,2019,43519
7307,2019,32069
7308,2019,30759
7309,2019,38899
7310,2019,25899
7311,2019,25299
7312,2019,90759
7313,2019,22399
7314,2019,22899
7315,2019,38899
7316,2018,20899
7317,2019,31249
7318,2018,30699
7319,2019,29299
7320,2019,24399
7321,2019,44099
7322,2019,30899
7323,2016,20299
7324,2019,23999
7325,2019,71199
7326,2019,58799
7327,2019,62199
7328,2019,22599
7329,2019,26199
7330,2019,34099
7331,2019,33699
7332,2019,36999
7333,2019,30799
7334,2019,27299
7335,2019,31199
7336,2019,49899
7337,2019,32399
7338,2019,26099
7339,2019,38289
7340,2019,33719
7341,2019,40999
7342,2019,24699
7343,2020,29490
7344,2020,29490
7345,2019,27499
7346,2018,22549
7347,2019,26399
7348,2019,24299
7349,2019,23299
7350,2019,21599
7351,2019,29099
7352,2019,35149
7353,2019,23799
7354,2018,27449
7355,2018,22599
7356,2019,20899
7357,2019,31899
7358,2019,43999
7359,2019,24299
7360,2019,25899
7361,2019,21299
7362,2019,23199
7363,2019,49990
7364,2019,38990
7365,2019,39790
7366,2019,25799
7367,2019,29790
7368,2019,26014
7369,2019,25777
7370,2019,52700
7371,2019,44490
7372,2019,25185
7373,2017,14990
7374,2018,18500
7375,2019,27588
7376,2017,24000
7377,2019,30000
7378,2017,17490
7379,2019,54000
7380,2019,52000
7381,2019,24890
7382,2020,25729
7383,2020,25729
7384,2016,15999
7385,2017,28999
7386,2019,38799
7387,2019,36199
7388,2019,24749
7389,2019,19499
7390,2019,23199
7391,2019,26099
7392,2019,28470
7393,2019,23000
7394,2019,37500
7395,2019,48745
7396,2019,34290
7397,2018,26000
7398,2019,21250
7399,2017,25490
7400,2019,26490
7401,2019,22000
7402,2019,25290
7403,2017,17890
7404,2019,48000
7405,2019,38000
7406,2019,29427
7407,2019,48599
7408,2019,26699
7409,2019,33799
7410,2019,29499
7411,2016,24862
7412,2019,38399
7413,2019,30499
7414,2019,33099
7415,2019,28589
7416,2014,10950
7417,2019,29900
7418,2019,23500
7419,2019,25900
7420,2017,31000
7421,2017,16000
7422,2019,51290
7423,2017,19290
7424,2019,21290
7425,2019,24000
7426,2019,22000
7427,2019,29350
7428,2019,49990
7429,2019,29000
7430,2019,30200
7431,2019,30132
7432,2019,36390
7433,2019,36490
7434,2019,36490
7435,2018,28790
7436,2019,27690
7437,2020,33800
7438,2020,27790
7439,2020,29990
7440,2018,24790
7441,2020,33990
7442,2020,26500
7443,2020,26400
7444,2019,36490
7445,2015,15991
7446,2017,20392
7447,2014,16872
7448,2017,14990
7449,2019,20500
7450,2019,31499
7451,2019,29799
7452,2019,29399
7453,2018,22949
7454,2019,43199
7455,2018,31199
7456,2016,20890
7457,2019,31490
7458,2019,31490
7459,2019,26799
7460,2019,26799
7461,2014,16799
7462,2019,42729
7463,2019,32069
7464,2017,22299
7465,2019,22889
7466,2019,30599
7467,2019,28799
7468,2019,39499
7469,2019,32299
7470,2015,32249
7471,2019,52779
7472,2019,57399
7473,2019,22699
7474,2019,25899
7475,2019,22499
7476,2019,30599
7477,2014,16349
7478,2018,50799
7479,2019,27349
7480,2019,22999
7481,2019,37199
7482,2019,29549
7483,2019,47789
7484,2019,29999
7485,2019,29399
7486,2018,25999
7487,2018,25949
7488,2019,35949
7489,2019,26899
7490,2019,30399
7491,2019,26399
7492,2016,22799
7493,2019,48099
7494,2019,26099
7495,2019,24799
7496,2019,21999
7497,2019,26599
7498,2019,24699
7499,2017,67699
7500,2017,16899
7501,2017,15999
7502,2019,30099
7503,2019,49699
7504,2019,23999
7505,2019,30299
7506,2019,25299
7507,2019,49499
7508,2019,30099
7509,2019,32429
7510,2019,29299
7511,2019,34999
7512,2019,54599
7513,2019,55199
7514,2019,33599
7515,2019,74199
7516,2019,33599
7517,2019,31999
7518,2017,75089
7519,2019,25599
7520,2019,27299
7521,2019,27299
7522,2019,26599
7523,2019,24999
7524,2019,28099
7525,2019,24599
7526,2019,22899
7527,2019,48399
7528,2019,24899
7529,2014,14299
7530,2019,28699
7531,2019,25389
7532,2019,25389
7533,2018,26399
7534,2018,20899
7535,2019,24389
7536,2019,37999
7537,2019,26899
7538,2019,49299
7539,2019,25639
7540,2019,24519
7541,2019,24999
7542,2019,43649
7543,2016,15599
7544,2015,17399
7545,2017,40899
7546,2017,24999
7547,2019,22699
7548,2019,28299
7549,2019,29399
7550,2017,20199
7551,2019,32049
7552,2018,23149
7553,2019,21299
7554,2019,22199
7555,2019,28999
7556,2019,24749
7557,2019,20999
7558,2018,18899
7559,2017,18699
7560,2016,20049
7561,2019,23979
7562,2019,26999
7563,2019,56499
7564,2019,34579
7565,2019,25149
7566,2019,24519
7567,2016,18799
7568,2015,17199
7569,2017,24299
7570,2018,16299
7571,2017,30599
7572,2020,47459
7573,2016,13000
7574,2015,22986
7575,2019,20888
7576,2017,21149
7577,2019,24449
7578,2017,16249
7579,2019,25349
7580,2019,30149
7581,2018,25749
7582,2019,41099
7583,2019,30749
7584,2019,26299
7585,2019,26149
7586,2016,12699
7587,2019,22969
7588,2019,26099
7589,2017,57999
7590,2014,15999
7591,2018,23599
7592,2019,36500
7593,2019,34500
7594,2019,26100
7595,2019,46500
7596,2019,41000
7597,2019,31450
7598,2019,25300
7599,2019,36800
7600,2019,40000
7601,2020,25879
7602,2018,25299
7603,2018,31994
7604,2018,39000
7605,2016,17500
7606,2016,19999
7607,2020,22559
7608,2019,37189
7609,2019,23979
7610,2017,13849
7611,2019,43499
7612,2019,19899
7613,2019,19849
7614,2019,21099
7615,2019,25399
7616,2019,26599
7617,2019,25449
7618,2020,25600
7619,2020,26000
7620,2019,25000
7621,2019,36000
7622,2019,37000
7623,2019,29000
7624,2019,25699
7625,2019,22699
7626,2019,21549
7627,2019,24749
7628,2019,20149
7629,2019,20299
7630,2019,29949
7631,2019,20449
7632,2019,25549
7633,2019,35000
7634,2019,36000
7635,2019,31500
7636,2019,27500
7637,2019,40000
7638,2019,47390
7639,2019,49000
7640,2016,17400
7641,2019,26000
7642,2019,50700
7643,2017,24000
7644,2014,16450
7645,2017,19750
7646,2019,68000
7647,2020,24729
7648,2018,15999
7649,2019,25599
7650,2019,24600
7651,2019,25500
7652,2019,24700
7653,2018,32750
7654,2019,18949
7655,2019,23500
7656,2019,33700
7657,2019,28300
7658,2019,28000
7659,2019,28800
7660,2019,29000
7661,2020,25000
7662,2020,26000
7663,2020,25000
7664,2020,26000
7665,2018,20000
7666,2016,21600
7667,2019,23500
7668,2019,42000
7669,2019,27750
7670,2019,29999
7671,2019,45699
7672,2019,30299
7673,2017,23499
7674,2020,25879
7675,2020,25879
7676,2020,25879
7677,2018,22000
7678,2019,20000
7679,2019,24500
7680,2016,22000
7681,2018,41000
7682,2019,30300
7683,2019,26400
7684,2019,20349
7685,2019,25949
7686,2019,25499
7687,2019,25799
7688,2019,20999
7689,2019,32249
7690,2019,26499
7691,2019,28499
7692,2019,19099
7693,2019,23700
7694,2018,15000
7695,2019,31500
7696,2019,56000
7697,2017,19350
7698,2019,30000
7699,2019,28000
7700,2016,17000
7701,2019,23000
7702,2019,24000
7703,2019,24059
7704,2019,23879
7705,2019,23879
7706,2019,23499
7707,2018,58099
7708,2019,29199
7709,2019,22899
7710,2019,23299
7711,2019,29199
7712,2019,34299
7713,2019,25399
7714,2019,66599
7715,2019,31899
7716,2019,45199
7717,2019,46199
7718,2019,26699
7719,2019,43099
7720,2019,24599
7721,2019,29399
7722,2019,33599
7723,2016,15899
7724,2019,19599
7725,2019,35899
7726,2019,49549
7727,2019,25199
7728,2019,47899
7729,2016,29189
7730,2019,31399
7731,2019,60859
7732,2019,25469
7733,2019,69399
7734,2019,33499
7735,2019,37399
7736,2019,66099
7737,2019,24999
7738,2019,25699
7739,2019,31599
7740,2018,43899
7741,2019,29899
7742,2019,33199
7743,2017,21599
7744,2017,19699
7745,2017,14299
7746,2019,33449
7747,2016,30399
7748,2016,19849
7749,2019,25799
7750,2018,23199
7751,2019,22099
7752,2019,22499
7753,2017,20299
7754,2019,30799
7755,2019,27949
7756,2019,24299
7757,2019,21599
7758,2019,30699
7759,2019,46949
7760,2019,25899
7761,2019,25999
7762,2019,26399
7763,2019,27499
7764,2019,50299
7765,2019,34579
7766,2019,35539
7767,2019,34499
7768,2019,29289
7769,2016,36399
7770,2017,29449
7771,2019,32899
7772,2019,33299
7773,2019,34099
7774,2019,30499
7775,2019,50899
7776,2019,45499
7777,2019,26599
7778,2017,25999
7779,2019,22099
7780,2019,28589
7781,2019,23399
7782,2019,26589
7783,2019,37699
7784,2019,41799
7785,2019,37899
7786,2019,28949
7787,2019,25699
7788,2019,20149
7789,2019,19899
7790,2019,25799
7791,2019,24549
7792,2019,24399
7793,2019,17499
7794,2019,24399
7795,2019,27399
7796,2020,24889
7797,2020,39309
7798,2017,20124
7799,2017,16924
7800,2017,14124
7801,2016,19124
7802,2017,28624
7803,2020,24995
7804,2017,15824
7805,2018,48899
7806,2017,20349
7807,2019,41949
7808,2017,23899
7809,2016,13799
7810,2019,32099
7811,2019,41429
7812,2019,24749
7813,2019,23249
7814,2019,29199
7815,2019,34449
7816,2019,20449
7817,2020,25879
7818,2020,51379
7819,2020,39989
7820,2020,26029
7821,2020,55489
7822,2015,16299
7823,2019,25449
7824,2019,23949
7825,2019,22699
7826,2019,19849
7827,2019,29549
7828,2019,109445
7829,2019,30995
7830,2019,46995
7831,2019,47995
7832,2019,49995
7833,2019,44995
7834,2019,57995
7835,2019,54885
7836,2019,46624
7837,2019,54524
7838,2019,29995
7839,2018,28374
7840,2017,19124
7841,2016,31695
7842,2016,31995
7843,2016,22624
7844,2018,80124
7845,2016,23924
7846,2018,27974
7847,2018,59124
7848,2019,24724
7849,2018,28124
7850,2019,60124
7851,2019,31995
7852,2019,30995
7853,2019,29995
7854,2019,29995
7855,2019,29995
7856,2019,28995
7857,2019,28491
7858,2014,14491
7859,2017,42991
7860,2016,35991
7861,2019,20495
7862,2016,16695
7863,2015,14490
7864,2018,135124
7865,2019,19424
7866,2020,49995
7867,2020,24495
7868,2020,37995
7869,2020,39995
7870,2020,44995
7871,2020,25495
7872,2020,22495
7873,2017,28124
7874,2019,34995
7875,2019,47995
7876,2016,23991
7877,2018,39991
7878,2019,27495
7879,2019,25599
7880,2019,24999
7881,2019,24999
7882,2019,24999
7883,2019,24999
7884,2019,24999
7885,2019,59899
7886,2019,24799
7887,2016,20449
7888,2018,22991
7889,2018,49995
7890,2018,24991
7891,2019,26995
7892,2016,17491
7893,2018,25495
7894,2019,41995
7895,2019,20950
7896,2019,20950
7897,2015,18000
7898,2016,17650
7899,2014,12900
7900,2015,15250
7901,2018,15495
7902,2014,10995
7903,2019,32500
7904,2016,18449
7905,2019,32749
7906,2018,27579
7907,2018,44738
7908,2019,25300
7909,2019,31000
7910,2017,20700
7911,2019,31500
7912,2019,31500
7913,2018,19995
7914,2018,22495
7915,2020,29495
7916,2019,35500
7917,2019,39500
7918,2019,56000
7919,2019,56000
7920,2019,31750
7921,2015,19495
7922,2015,17495
7923,2016,24995
7924,2017,15995
7925,2017,39991
7926,2019,31991
7927,2019,29950
7928,2019,29500
7929,2019,38500
7930,2019,35000
7931,2019,35800
7932,2017,21400
7933,2018,17000
7934,2019,30000
7935,2019,28000
7936,2019,22700
7937,2017,30000
7938,2017,16000
7939,2017,23000
7940,2019,23500
7941,2019,28500
7942,2019,21750
7943,2016,19999
7944,2017,18999
7945,2019,19749
7946,2017,36000
7947,2020,48000
7948,2019,30500
7949,2019,30500
7950,2019,47750
7951,2019,26299
7952,2018,24199
7953,2018,17649
7954,2019,25449
7955,2019,25799
7956,2019,34099
7957,2019,32499
7958,2017,29338
7959,2019,23499
7960,2017,19699
7961,2019,33599
7962,2019,31099
7963,2019,27299
7964,2019,30799
7965,2019,22699
7966,2019,22599
7967,2019,22699
7968,2019,24599
7969,2019,52799
7970,2019,29699
7971,2019,28499
7972,2019,62799
7973,2019,22299
7974,2019,26699
7975,2019,25700
7976,2019,28400
7977,2018,22000
7978,2018,36500
7979,2019,28359
7980,2019,41400
7981,2019,39900
7982,2019,39000
7983,2019,51000
7984,2019,46500
7985,2019,53750
7986,2016,17500
7987,2019,19849
7988,2019,19799
7989,2019,31299
7990,2019,25349
7991,2016,26789
7992,2017,29499
7993,2019,37250
7994,2019,28700
7995,2019,28000
7996,2020,30500
7997,2020,26500
7998,2020,44000
7999,2020,30500
8000,2020,30500
8001,2020,39999
8002,2020,41500
8003,2019,49499
8004,2019,25799
8005,2019,25899
8006,2019,23399
8007,2015,17999
8008,2019,35499
8009,2019,37699
8010,2019,43799
8011,2019,30899
8012,2019,30199
8013,2019,61899
8014,2019,26299
8015,2019,31609
8016,2019,55299
8017,2019,25599
8018,2019,29299
8019,2019,23399
8020,2019,26699
8021,2019,26999
8022,2019,30299
8023,2019,26299
8024,2019,79799
8025,2019,67699
8026,2019,22899
8027,2019,26099
8028,2019,28799
8029,2019,35399
8030,2019,33599
8031,2019,46299
8032,2018,26199
8033,2018,19599
8034,2019,23289
8035,2019,25399
8036,2019,24849
8037,2019,24789
8038,2019,39999
8039,2019,39299
8040,2019,25199
8041,2018,17699
8042,2018,26899
8043,2018,23399
8044,2018,28749
8045,2019,21099
8046,2017,21399
8047,2019,24849
8048,2019,33299
8049,2018,27299
8050,2017,28999
8051,2019,25099
8052,2019,27199
8053,2019,23499
8054,2019,23399
8055,2019,23799
8056,2019,26799
8057,2019,26399
8058,2019,31199
8059,2019,38899
8060,2019,23969
8061,2019,23589
8062,2019,27799
8063,2019,26099
8064,2019,35599
8065,2019,26589
8066,2019,22999
8067,2019,25399
8068,2019,39599
8069,2019,20749
8070,2019,22399
8071,2018,23199
8072,2019,31529
8073,2019,67109
8074,2019,26089
8075,2019,35049
8076,2019,49229
8077,2019,38289
8078,2019,32289
8079,2019,32069
8080,2019,32069
8081,2019,26299
8082,2019,24999
8083,2018,64999
8084,2017,23599
8085,2018,29499
8086,2018,57899
8087,2018,47099
8088,2019,26289
8089,2017,25599
8090,2016,22299
8091,2016,33889
8092,2017,22449
8093,2016,14499
8094,2016,17299
8095,2016,17999
8096,2017,19999
8097,2019,39999
8098,2016,19699
8099,2017,21199
8100,2019,25999
8101,2019,26599
8102,2019,29349
8103,2019,26349
8104,2019,42099
8105,2019,25849
8106,2019,35699
8107,2019,24149
8108,2019,25349
8109,2019,23999
8110,2019,29849
8111,2019,21349
8112,2019,31609
8113,2016,15999
8114,2019,25399
8115,2019,28879
8116,2019,25699
8117,2019,34919
8118,2018,18749
8119,2017,17999
8120,2019,20449
8121,2019,28999
8122,2018,25699
8123,2019,19799
8124,2019,25499
8125,2019,26049
8126,2017,14999
8127,2019,22099
8128,2018,23299
8129,2019,24519
8130,2019,24999
8131,2018,28199
8132,2019,30349
8133,2019,23099
8134,2019,21549
8135,2016,17849
8136,2017,19299
8137,2019,24999
8138,2017,22399
8139,2017,22299
8140,2019,21899
8141,2019,60099
8142,2019,36999
8143,2019,33789
8144,2019,44159
8145,2019,24999
8146,2019,24999
8147,2015,17749
8148,2017,18999
8149,2019,33299
8150,2019,40349
8151,2015,36499
8152,2019,24999
8153,2018,35299
8154,2017,21699
8155,2019,42649
8156,2019,25149
8157,2019,32199
8158,2019,24999
8159,2019,32499
8160,2019,24849
8161,2019,24849
8162,2018,20389
8163,2019,23049
8164,2019,22339
8165,2019,23399
8166,2019,25399
8167,2019,23499
8168,2019,25299
8169,2019,23499
8170,2019,31299
8171,2019,36589
8172,2019,27249
8173,2019,26899
8174,2019,46199
8175,2019,23879
8176,2019,23979
8177,2019,23979
8178,2019,29099
8179,2019,26089
8180,2019,34579
8181,2019,66899
8182,2019,24999
8183,2018,23799
8184,2019,31699
8185,2019,30799
8186,2019,31199
8187,2019,34799
8188,2019,68399
8189,2019,54599
8190,2019,60099
8191,2019,22339
8192,2019,24399
8193,2019,24399
8194,2019,20799
8195,2019,30499
8196,2019,20399
8197,2019,20449
8198,2019,28499
8199,2019,20299
8200,2019,20349
8201,2019,25999
8202,2019,23509
8203,2019,22569
8204,2019,24999
8205,2019,24999
8206,2019,24999
8207,2019,24649
8208,2019,24059
8209,2019,20859
8210,2019,38509
8211,2019,31519
8212,2016,14399
8213,2017,14649
8214,2018,18399
8215,2016,13049
8216,2017,19449
8217,2017,20349
8218,2018,32849
8219,2017,21599
8220,2017,22199
8221,2019,23979
8222,2019,30849
8223,2019,43099
8224,2019,46999
8225,2019,26799
8226,2019,59999
8227,2019,78399
8228,2019,28199
8229,2019,27499
8230,2019,25399
8231,2019,27299
8232,2018,26799
8233,2020,36209
8234,2017,14549
8235,2020,30389
8236,2020,26519
8237,2020,41239
8238,2020,61489
8239,2020,26049
8240,2020,27779
8241,2019,25999
8242,2019,29549
8243,2019,26699
8244,2020,40179
8245,2019,41519
8246,2019,31609
8247,2019,32069
8248,2019,30919
8249,2019,25799
8250,2016,38349
8251,2017,21699
8252,2019,49499
8253,2019,49669
8254,2019,24799
8255,2019,25899
8256,2019,22999
8257,2019,37599
8258,2019,37999
8259,2019,26399
8260,2019,41499
8261,2019,25599
8262,2019,20399
8263,2019,22699
8264,2019,20799
8265,2016,24799
8266,2019,27199
8267,2017,21299
8268,2019,20699
8269,2018,21399
8270,2017,23699
8271,2018,21449
8272,2017,23599
8273,2017,21399
8274,2019,32499
8275,2019,24299
8276,2019,25999
8277,2018,26189
8278,2019,29799
8279,2019,29099
8280,2019,22499
8281,2019,22899
8282,2019,21999
8283,2019,32599
8284,2019,26899
8285,2019,63099
8286,2019,27299
8287,2019,25999
8288,2019,31499
8289,2019,26699
8290,2019,26699
8291,2019,26299
8292,2017,27199
8293,2019,23899
8294,2016,21749
8295,2018,22999
8296,2017,20099
8297,2019,28599
8298,2019,39599
8299,2019,40899
8300,2019,50899
8301,2019,47599
8302,2017,39699
8303,2016,28999
8304,2019,22599
8305,2019,20499
8306,2016,18149
8307,2020,36809
8308,2020,30389
8309,2016,25499
8310,2017,18299
8311,2017,21199
8312,2018,19589
8313,2019,30149
8314,2018,29199
8315,2019,19699
8316,2019,26099
8317,2019,37999
8318,2019,21799
8319,2019,25899
8320,2019,25999
8321,2019,34899
8322,2017,34999
8323,2018,27099
8324,2017,15789
8325,2017,25999
8326,2016,18999
8327,2017,15999
8328,2016,14499
8329,2016,14999
8330,2016,19799
8331,2019,19999
8332,2019,26399
8333,2019,28999
8334,2019,21899
8335,2019,33149
8336,2019,25299
8337,2019,24749
8338,2019,20299
8339,2019,25499
8340,2019,20399
8341,2019,22199
8342,2019,29349
8343,2019,31999
8344,2019,20299
8345,2019,26949
8346,2019,24999
8347,2019,33719
8348,2016,19799
8349,2016,21999
8350,2020,41729
8351,2020,25879
8352,2020,25879
8353,2019,25749
8354,2019,25749
8355,2019,19549
8356,2016,17149
8357,2018,28849
8358,2019,42049
8359,2019,23509
8360,2018,41699
8361,2016,19799
8362,2019,29699
8363,2020,25879
8364,2020,25879
8365,2020,25879
8366,2017,22999
8367,2020,60899
8368,2018,29999
8369,2020,25879
8370,2020,25879
8371,2020,25879
8372,2020,25879
8373,2020,25879
8374,2020,24409
8375,2020,25879
8376,2019,22999
8377,2019,42999
8378,2019,27299
8379,2019,26999
8380,2019,25249
8381,2019,23999
8382,2018,50799
8383,2016,17949
8384,2018,55749
8385,2019,26299
8386,2017,21299
8387,2019,37799
8388,2019,67199
8389,2019,26099
8390,2020,50419
8391,2017,26249
8392,2016,21749
8393,2018,32849
8394,2016,26499
8395,2017,15649
8396,2017,20149
8397,2019,23149
8398,2017,31399
8399,2019,25999
8400,2019,24599
8401,2019,31099
8402,2019,24099
8403,2019,29899
8404,2019,36799
8405,2019,32999
8406,2019,22799
8407,2019,22199
8408,2018,22049
8409,2018,29499
8410,2019,41399
8411,2019,33999
8412,2019,26999
8413,2019,30249
8414,2019,19649
8415,2016,13349
8416,2019,31950
8417,2016,13990
8418,2019,22907
8419,2016,18799
8420,2017,29999
8421,2018,32999
8422,2017,48399
8423,2017,41399
8424,2018,29499
8425,2019,22899
8426,2018,21499
8427,2018,17249
8428,2019,40099
8429,2019,23099
8430,2019,28399
8431,2019,19799
8432,2019,20199
8433,2019,19799
8434,2019,26049
8435,2019,26349
8436,2019,29949
8437,2019,24499
8438,2019,24649
8439,2019,32199
8440,2019,25949
8441,2019,35149
8442,2019,27699
8443,2019,42999
8444,2017,19899
8445,2019,31699
8446,2019,32959
8447,2019,22339
8448,2019,24508
8449,2019,31999
8450,2019,75729
8451,2019,35659
8452,2019,33899
8453,2019,24299
8454,2019,67539
8455,2019,29699
8456,2019,32699
8457,2019,40999
8458,2019,41519
8459,2019,32069
8460,2019,63099
8461,2017,13899
8462,2018,25999
8463,2019,28149
8464,2019,32999
8465,2018,22049
8466,2019,22099
8467,2019,25399
8468,2019,22299
8469,2019,22499
8470,2019,42999
8471,2019,41699
8472,2019,44399
8473,2014,16249
8474,2019,45799
8475,2017,38799
8476,2018,43999
8477,2017,24289
8478,2015,10795
8479,2016,27999
8480,2017,19499
8481,2016,18649
8482,2018,35749
8483,2016,18199
8484,2019,36479
8485,2019,34399
8486,2019,25699
8487,2019,29799
8488,2018,49999
8489,2019,43199
8490,2018,21899
8491,2018,22549
8492,2019,25699
8493,2015,18899
8494,2019,41449
8495,2019,43199
8496,2019,41499
8497,2018,51200
8498,2019,45299
8499,2019,79299
8500,2016,21099
8501,2016,19799
8502,2017,39599
8503,2016,16849
8504,2017,16995
8505,2015,14595
8506,2015,16750
8507,2013,9500
8508,2014,16299
8509,2019,25399
8510,2019,26799
8511,2019,23299
8512,2019,53199
8513,2019,41999
8514,2019,44799
8515,2019,25599
8516,2018,18699
8517,2019,20599
8518,2017,35699
8519,2019,29999
8520,2019,37899
8521,2019,24849
8522,2019,25149
8523,2019,29099
8524,2018,32049
8525,2018,25049
8526,2018,24499
8527,2019,24999
8528,2019,22299
8529,2019,25499
8530,2019,22899
8531,2019,21999
8532,2019,24490
8533,2019,26199
8534,2015,19699
8535,2019,40999
8536,2019,33889
8537,2019,43599
8538,2018,28699
8539,2019,32999
8540,2019,70999
8541,2017,20049
8542,2017,15949
8543,2017,18049
8544,2019,25799
8545,2017,21799
8546,2019,27499
8547,2019,28599
8548,2019,31599
8549,2019,23799
8550,2019,21099
8551,2019,31849
8552,2019,19849
8553,2019,21749
8554,2019,27249
8555,2019,34849
8556,2019,31149
8557,2017,29799
8558,2019,55649
8559,2019,23149
8560,2019,23849
8561,2019,25349
8562,2019,20349
8563,2019,24599
8564,2019,20299
8565,2019,40849
8566,2019,25149
8567,2019,25849
8568,2020,37029
8569,2019,55199
8570,2019,32499
8571,2019,33799
8572,2017,24699
8573,2017,15799
8574,2018,28789
8575,2016,29999
8576,2017,24499
8577,2019,46399
8578,2018,28049
8579,2017,22399
8580,2019,49799
8581,2016,20199
8582,2019,20349
8583,2019,20299
8584,2019,32999
8585,2018,25749
8586,2019,29399
8587,2019,54399
8588,2017,21799
8589,2019,33449
8590,2019,19749
8591,2019,26299
8592,2019,24399
8593,2020,38399
8594,2020,41149
8595,2020,33569
8596,2019,29299
8597,2019,37359
8598,2019,24109
8599,2019,24589
8600,2019,59889
8601,2016,19799
8602,2016,20399
8603,2019,25549
8604,2019,28799
8605,2019,24049
8606,2019,24299
8607,2019,26049
8608,2019,24049
8609,2019,28349
8610,2019,26599
8611,2019,47169
8612,2019,34399
8613,2019,40999
8614,2019,48799
8615,2019,22339
8616,2019,22339
8617,2019,30099
8618,2019,24919
8619,2019,33559
8620,2019,32919
8621,2019,31519
8622,2019,25299
8623,2019,26049
8624,2017,26499
8625,2019,60399
8626,2019,24538
8627,2015,16899
8628,2018,23100
8629,2014,12100
8630,2013,14000
8631,2017,21500
8632,2015,12750
8633,2016,16450
8634,2019,25899
8635,2019,22399
8636,2019,28399
8637,2019,37999
8638,2019,33299
8639,2019,41399
8640,2019,41399
8641,2019,39499
8642,2020,24579
8643,2020,25879
8644,2020,37659
8645,2019,31199
8646,2019,26999
8647,2019,20999
8648,2019,25999
8649,2019,26499
8650,2019,49699
8651,2019,30099
8652,2019,46599
8653,2019,62299
8654,2019,33699
8655,2019,66899
8656,2019,31799
8657,2019,28499
8658,2016,24749
8659,2018,31299
8660,2017,16189
8661,2015,18499
8662,2019,28799
8663,2019,31899
8664,2019,34099
8665,2018,33299
8666,2017,21989
8667,2017,33799
8668,2020,25879
8669,2019,26199
8670,2019,87459
8671,2019,87478
8672,2019,93499
8673,2019,134219
8674,2019,22299
8675,2019,22299
8676,2019,25389
8677,2017,21299
8678,2019,26799
8679,2019,26799
8680,2019,21099
8681,2018,23799
8682,2018,82099
8683,2016,28799
8684,2019,30149
8685,2019,67159
8686,2019,33879
8687,2017,35499
8688,2019,28799
8689,2018,28149
8690,2019,28349
8691,2019,29899
8692,2019,21499
8693,2019,29299
8694,2019,38399
8695,2019,26699
8696,2016,22549
8697,2017,18899
8698,2019,26199
8699,2019,26399
8700,2019,26899
8701,2018,25399
8702,2019,49569
8703,2019,32099
8704,2018,19999
8705,2018,27449
8706,2018,27249
8707,2019,26899
8708,2019,44399
8709,2019,44299
8710,2017,21399
8711,2019,38509
8712,2019,34269
8713,2019,38398
8714,2019,40999
8715,2019,31539
8716,2019,33699
8717,2019,23599
8718,2019,32068
8719,2019,23349
8720,2018,57599
8721,2019,24099
8722,2017,31999
8723,2019,29399
8724,2019,36149
8725,2019,30249
8726,2019,24799
8727,2018,23449
8728,2019,29899
8729,2019,22399
8730,2019,24999
8731,2019,19799
8732,2019,20299
8733,2019,25549
8734,2019,19549
8735,2019,20549
8736,2017,24498
8737,2019,140319
8738,2019,21658
8739,2019,23899
8740,2015,16789
8741,2017,22899
8742,2017,28599
8743,2016,35249
8744,2017,30999
8745,2018,109989
8746,2019,51099
8747,2019,62399
8748,2019,60699
8749,2019,26299
8750,2019,86399
8751,2017,22499
8752,2016,16499
8753,2018,26999
8754,2019,35849
8755,2019,39999
8756,2017,15949
8757,2017,30999
8758,2017,30999
8759,2019,33149
8760,2017,14199
8761,2020,30209
8762,2020,26519
8763,2020,39099
8764,2020,37249
8765,2020,33569
8766,2020,53669
8767,2020,38399
8768,2020,40979
8769,2018,31999
8770,2019,43299
8771,2019,19799
8772,2019,25549
8773,2019,25199
8774,2019,25699
8775,2019,23949
8776,2019,26099
8777,2019,31999
8778,2019,32249
8779,2019,60849
8780,2019,23299
8781,2019,29449
8782,2019,25199
8783,2019,19199
8784,2019,23849
8785,2019,25099
8786,2019,32749
8787,2019,25299
8788,2019,25299
8789,2019,25299
8790,2019,52999
8791,2017,20999
8792,2020,26319
8793,2020,25879
8794,2019,19999
8795,2019,25299
8796,2019,28299
8797,2019,19799
8798,2019,21699
8799,2019,24799
8800,2019,24749
8801,2018,29249
8802,2018,25699
8803,2019,23049
8804,2015,14499
8805,2017,33999
8806,2017,17999
8807,2019,18999
8808,2019,43999
8809,2015,19149
8810,2017,22499
8811,2017,23299
8812,2016,18849
8813,2018,28789
8814,2019,64999
8815,2018,33999
8816,2017,25999
8817,2017,40899
8818,2018,23599
8819,2019,28299
8820,2019,23149
8821,2020,138439
8822,2019,28999
8823,2019,45699
8824,2019,29299
8825,2019,27599
8826,2017,21499
8827,2019,26499
8828,2019,20799
8829,2019,32499
8830,2017,16999
8831,2020,25879
8832,2020,25879
8833,2020,25879
8834,2020,25879
8835,2020,25879
8836,2020,24109
8837,2020,24109
8838,2020,39489
8839,2020,37189
8840,2020,43649
8841,2019,71899
8842,2019,24799
8843,2019,24399
8844,2019,26499
8845,2019,25999
8846,2019,26599
8847,2020,24419
8848,2020,25429
8849,2020,24409
8850,2020,25879
8851,2019,42849
8852,2017,23649
8853,2019,26999
8854,2019,20549
8855,2019,25999
8856,2019,20299
8857,2019,25849
8858,2017,22099
8859,2017,22099
8860,2019,20499
8861,2018,21999
8862,2016,18799
8863,2018,22699
8864,2017,24399
8865,2017,14899
8866,2020,29628
8867,2020,24729
8868,2020,28109
8869,2020,64359
8870,2020,22559
8871,2020,25429
8872,2020,25879
8873,2020,39759
8874,2020,57049
8875,2019,24299
8876,2020,35409
8877,2016,36399
8878,2015,15999
8879,2020,57569
8880,2016,25599
8881,2017,52999
8882,2019,34099
8883,2020,33509
8884,2018,20298
8885,2016,17799
8886,2016,18799
8887,2019,24999
8888,2019,29339
8889,2017,19799
8890,2017,19299
8891,2017,19199
8892,2016,14099
8893,2017,16299
8894,2017,19999
8895,2015,19099
8896,2017,20599
8897,2017,25599
8898,2019,27299
8899,2019,27999
8900,2018,37999
8901,2020,76469
8902,2016,27499
8903,2015,18499
8904,2017,21499
8905,2019,24099
8906,2019,23399
8907,2017,37999
8908,2019,28388
8909,2015,11999
8910,2019,28999
8911,2019,26399
8912,2019,27499
8913,2019,26999
8914,2019,41099
8915,2019,34639
8916,2019,30299
8917,2019,25079
8918,2019,34649
8919,2019,55799
8920,2018,18999
8921,2017,15799
8922,2017,48999
8923,2015,18449
8924,2016,15799
8925,2018,24099
8926,2018,17349
8927,2017,20499
8928,2020,25879
8929,2019,28699
8930,2019,34199
8931,2019,33699
8932,2019,42699
8933,2015,27649
8934,2018,21899
8935,2017,23649
8936,2019,26599
8937,2019,76699
8938,2019,33599
8939,2019,45799
8940,2017,39999
8941,2017,35999
8942,2017,18199
8943,2015,16299
8944,2017,21199
8945,2016,15199
8946,2018,25999
8947,2018,29199
8948,2019,22699
8949,2019,37899
8950,2019,28149
8951,2019,38499
8952,2019,40699
8953,2019,50599
8954,2019,21699
8955,2019,22199
8956,2019,29699
8957,2016,17699
8958,2019,20499
8959,2019,20449
8960,2017,25649
8961,2017,20699
8962,2017,31349
8963,2017,14499
8964,2019,27199
8965,2019,22899
8966,2019,25199
8967,2019,19899
8968,2019,24899
8969,2019,44499
8970,2019,23299
8971,2019,23799
8972,2019,21099
8973,2019,21099
8974,2019,23199
8975,2019,23799
8976,2019,25699
8977,2015,13649
8978,2015,17089
8979,2019,31599
8980,2019,21599
8981,2019,27099
8982,2019,39099
8983,2019,71199
8984,2019,28599
8985,2019,26999
8986,2018,22299
8987,2018,23499
8988,2019,19899
8989,2019,20249
8990,2019,25449
8991,2019,25349
8992,2019,37399
8993,2019,45199
8994,2018,30299
8995,2019,29799
8996,2018,22399
8997,2019,22949
8998,2019,21549
8999,2019,26299
9000,2019,28049
9001,2019,24749
9002,2017,18399
9003,2018,23099
9004,2019,22299
9005,2016,21299
9006,2018,27499
9007,2018,27449
9008,2019,29749
9009,2018,25499
9010,2019,19799
9011,2019,30399
9012,2019,26599
9013,2019,19499
9014,2018,36399
9015,2016,25499
9016,2019,32499
9017,2019,44099
9018,2019,29549
9019,2019,20299
9020,2019,20249
9021,2019,25549
9022,2019,25999
9023,2019,35049
9024,2019,25599
9025,2019,24899
9026,2019,30049
9027,2019,24599
9028,2019,49589
9029,2019,22999
9030,2019,22399
9031,2017,17699
9032,2016,14999
9033,2017,15299
9034,2019,24539
9035,2019,36539
9036,2019,27999
9037,2017,16349
9038,2016,18199
9039,2016,36599
9040,2013,9489
9041,2017,16495
9042,2015,16689
9043,2014,29489
9044,2015,17295
9045,2016,22795
9046,2017,20989
9047,2019,21499
9048,2017,17599
9049,2018,17549
9050,2017,18799
9051,2018,34199
9052,2019,23149
9053,2019,25749
9054,2019,24099
9055,2019,26799
9056,2019,24799
9057,2019,31999
9058,2019,52799
9059,2019,23499
9060,2019,56399
9061,2019,27359
9062,2017,14995
9063,2015,14995
9064,2014,17000
9065,2016,24990
9066,2016,12790
9067,2015,14000
9068,2017,19750
9069,2016,23999
9070,2016,25999
9071,2017,18699
9072,2017,22999
9073,2019,48249
9074,2017,27599
9075,2019,26199
9076,2019,27399
9077,2019,35299
9078,2019,54399
9079,2019,25299
9080,2018,27999
9081,2019,22299
9082,2019,22699
9083,2019,22299
9084,2019,24199
9085,2019,28899
9086,2019,36699
9087,2019,26899
9088,2019,34799
9089,2019,31199
9090,2019,26199
9091,2019,26899
9092,2019,46199
9093,2019,35399
9094,2017,21499
9095,2019,24059
9096,2019,24999
9097,2019,24539
9098,2019,22399
9099,2018,23399
9100,2017,22299
9101,2019,22299
9102,2018,19099
9103,2019,21499
9104,2019,19899
9105,2018,30949
9106,2016,28299
9107,2016,18149
9108,2016,26199
9109,2017,14999
9110,2017,19099
9111,2017,24399
9112,2016,19749
9113,2017,23599
9114,2019,25499
9115,2019,24349
9116,2019,24539
9117,2016,19799
9118,2019,24899
9119,2019,36599
9120,2018,23399
9121,2018,20599
9122,2019,49899
9123,2019,59199
9124,2019,31529
9125,2019,24439
9126,2019,26219
9127,2019,41429
9128,2019,69679
9129,2019,31699
9130,2019,38179
9131,2019,42499
9132,2019,32499
9133,2019,139559
9134,2019,23979
9135,2019,25879
9136,2019,23299
9137,2019,23499
9138,2019,35099
9139,2019,23399
9140,2019,23799
9141,2019,37449
9142,2019,25099
9143,2019,26299
9144,2019,71999
9145,2019,34249
9146,2019,33789
9147,2019,26899
9148,2019,44699
9149,2019,25899
9150,2019,24699
9151,2019,25199
9152,2019,30049
9153,2019,20549
9154,2018,18849
9155,2019,24849
9156,2019,24699
9157,2019,18999
9158,2019,45599
9159,2019,114199
9160,2019,43199
9161,2019,27099
9162,2019,27299
9163,2019,23599
9164,2019,25099
9165,2019,24749
9166,2019,22999
9167,2019,27799
9168,2019,26549
9169,2019,37599
9170,2019,30599
9171,2018,23399
9172,2019,24299
9173,2019,19999
9174,2019,25999
9175,2019,26299
9176,2019,23999
9177,2019,47999
9178,2020,28429
9179,2019,35899
9180,2017,22799
9181,2017,17899
9182,2019,36699
9183,2018,22799
9184,2016,18099
9185,2016,30449
9186,2018,30249
9187,2019,26099
9188,2019,23599
9189,2019,30249
9190,2019,20499
9191,2019,26499
9192,2019,27099
9193,2018,23089
9194,2019,25799
9195,2019,21599
9196,2018,46299
9197,2017,20849
9198,2017,23149
9199,2018,51989
9200,2019,22699
9201,2016,19489
9202,2018,22199
9203,2019,53499
9204,2019,30999
9205,2019,22590
9206,2019,40099
9207,2019,26799
9208,2019,51124
9209,2019,24924
9210,2017,19624
9211,2018,38495
9212,2019,23624
9213,2016,25995
9214,2019,34724
9215,2019,42924
9216,2019,29124
9217,2019,19424
9218,2019,25699
9219,2019,23899
9220,2019,19849
9221,2019,19799
9222,2019,30199
9223,2019,25649
9224,2019,26149
9225,2019,30799
9226,2019,32499
9227,2019,24749
9228,2016,17995
9229,2018,18995
9230,2017,30124
9231,2016,22624
9232,2017,19124
9233,2017,32124
9234,2017,18624
9235,2017,25874
9236,2017,15124
9237,2017,24119
9238,2016,19024
9239,2017,24124
9240,2020,24495
9241,2017,100124
9242,2015,47124
9243,2017,17124
9244,2016,15124
9245,2016,18124
9246,2017,23671
9247,2016,14999
9248,2020,39989
9249,2020,25559
9250,2020,25559
9251,2020,24889
9252,2020,62189
9253,2020,24409
9254,2020,32659
9255,2020,58789
9256,2020,31699
9257,2018,25399
9258,2017,39649
9259,2019,20299
9260,2019,30049
9261,2019,35849
9262,2020,25209
9263,2017,22649
9264,2017,21149
9265,2016,39799
9266,2015,17199
9267,2019,20249
9268,2019,27245
9269,2019,35589
9270,2019,43995
9271,2019,31995
9272,2019,24995
9273,2019,22495
9274,2019,47995
9275,2019,88995
9276,2019,44995
9277,2020,37995
9278,2019,75995
9279,2020,23995
9280,2020,57995
9281,2020,48980
9282,2020,53995
9283,2020,24995
9284,2017,16124
9285,2019,30995
9286,2020,24995
9287,2019,30995
9288,2019,31449
9289,2019,25799
9290,2017,21999
9291,2019,36429
9292,2019,32749
9293,2019,37399
9294,2019,22299
9295,2018,19999
9296,2019,45799
9297,2019,25499
9298,2015,17599
9299,2019,47899
9300,2015,14399
9301,2019,26099
9302,2019,25799
9303,2019,32699
9304,2019,32199
9305,2019,25799
9306,2019,25299
9307,2019,37219
9308,2020,25779
9309,2019,53699
9310,2019,23879
9311,2016,19999
9312,2017,14299
9313,2016,26499
9314,2017,19199
9315,2020,43129
9316,2020,25559
9317,2020,25779
9318,2020,24109
9319,2019,19599
9320,2019,24099
9321,2019,25699
9322,2019,45099
9323,2016,18299
9324,2016,17999
9325,2017,19999
9326,2016,19799
9327,2018,21399
9328,2015,11499
9329,2016,20099
9330,2017,28499
9331,2016,18799
9332,2017,29849
9333,2017,19199
9334,2017,17149
9335,2017,22699
9336,2020,26039
9337,2020,26189
9338,2017,19999
9339,2017,23749
9340,2020,26519
9341,2019,43299
9342,2019,32599
9343,2019,57599
9344,2019,35849
9345,2017,15499
9346,2018,22199
9347,2016,20349
9348,2019,24549
9349,2018,39249
9350,2019,40599
9351,2016,19199
9352,2016,20049
9353,2015,18649
9354,2016,18949
9355,2016,17999
9356,2017,21499
9357,2018,22199
9358,2020,41795
9359,2020,24995
9360,2020,24495
9361,2020,39995
9362,2020,24495
9363,2020,34995
9364,2020,37995
9365,2017,20623
9366,2019,21895
9367,2019,29995
9368,2019,37199
9369,2019,27099
9370,2019,25999
9371,2019,24499
9372,2019,26799
9373,2015,13999
9374,2017,22999
9375,2017,13899
9376,2018,20899
9377,2019,42799
9378,2018,23249
9379,2019,27149
9380,2018,20099
9381,2019,55885
9382,2019,30995
9383,2019,21895
9384,2018,21499
9385,2019,24299
9386,2019,20999
9387,2019,20999
9388,2019,22099
9389,2018,25999
9390,2019,42199
9391,2016,19699
9392,2019,38999
9393,2019,32624
9394,2019,30995
9395,2019,26495
9396,2019,28495
9397,2019,37995
9398,2019,32495
9399,2019,32495
9400,2017,19499
9401,2017,18499
9402,2019,22399
9403,2019,25799
9404,2016,17999
9405,2019,23289
9406,2019,23389
9407,2019,25389
9408,2015,15999
9409,2015,12949
9410,2016,19999
9411,2016,13999
9412,2016,20299
9413,2017,23999
9414,2019,32099
9415,2019,28599
9416,2019,22399
9417,2019,27199
9418,2019,21449
9419,2019,19799
9420,2019,19849
9421,2019,20149
9422,2019,25849
9423,2019,26099
9424,2019,25849
9425,2019,26499
9426,2019,23399
9427,2019,20299
9428,2019,20199
9429,2019,20549
9430,2019,29399
9431,2019,25549
9432,2019,35699
9433,2019,25349
9434,2018,21999
9435,2018,29199
9436,2019,26999
9437,2020,25729
9438,2018,16799
9439,2017,17199
9440,2020,26579
9441,2020,49879
9442,2015,18649
9443,2019,24249
9444,2018,21899
9445,2019,25749
9446,2019,19749
9447,2019,21599
9448,2018,21799
9449,2017,45599
9450,2019,20349
9451,2019,26249
9452,2019,26199
9453,2018,41349
9454,2019,29849
9455,2019,26899
9456,2019,20199
9457,2019,36999
9458,2017,20899
9459,2016,31649
9460,2016,19999
9461,2014,16499
9462,2019,51124
9463,2017,14824
9464,2019,22124
9465,2017,25824
9466,2016,18124
9467,2017,16019
9468,2016,15495
9469,2017,29149
9470,2019,27399
9471,2019,26999
9472,2018,21899
9473,2018,22799
9474,2018,22849
9475,2019,31699
9476,2019,26199
9477,2019,25299
9478,2019,23499
9479,2011,5495
9480,2014,8995
9481,2010,3995
9482,2010,4695
9483,2013,8595
9484,2010,3495
9485,2017,16995
9486,2017,15000
9487,2013,9995
9488,2012,6995
9489,2012,7495
9490,2012,9000
9491,2011,4295
9492,2013,11995
9493,2011,8995
9494,2015,14995
9495,2013,10595
9496,2017,23500
9497,2018,24995
9498,2016,29995
9499,2015,18495
9500,2014,15495
9501,2013,7495
9502,2015,10995
9503,2014,12995
9504,2017,27495
9505,2017,13500
9506,2014,13995
9507,2016,13488
9508,2017,14488
9509,2011,7500
9510,2013,9995
9511,2012,8750
9512,2013,9750
9513,2010,9995
9514,2016,15495
9515,2017,15999
9516,2017,16299
9517,2010,7995
9518,2019,45395
9519,2017,26024
9520,2016,20624
9521,2019,47995
9522,2019,25104
9523,2018,30495
9524,2019,27924
9525,2019,51124
9526,2017,15924
9527,2019,24399
9528,2019,27799
9529,2019,36399
9530,2019,47789
9531,2019,31599
9532,2019,29599
9533,2019,25149
9534,2017,18999
9535,2018,28399
9536,2018,27649
9537,2017,16000
9538,2015,11000
9539,2018,32890
9540,2013,22995
9541,2017,23000
9542,2016,33500
9543,2019,19493
9544,2019,27750
9545,2019,28950
9546,2019,27950
9547,2019,38950
9548,2018,72950
9549,2019,50950
9550,2019,32950
9551,2020,38624
9552,2018,31124
9553,2019,29995
9554,2017,22124
9555,2016,19495
9556,2017,23124
9557,2017,25124
9558,2017,21124
9559,2019,25495
9560,2019,52995
9561,2017,28838
9562,2015,18990
9563,2018,20771
9564,2016,16995
9565,2017,16912
9566,2016,12899
9567,2016,19499
9568,2007,3495
9569,2016,15000
9570,2015,13995
9571,2015,17495
9572,2012,8750
9573,2017,14999
9574,2017,15999
9575,2014,11980
9576,2016,16500
9577,2005,7995
9578,2016,21995
9579,2005,3995
9580,2013,14995
9581,2015,15500
9582,2016,15000
9583,2013,13300
9584,2019,44990
9585,2019,54990
9586,2018,33490
9587,2007,2995
9588,2015,15995
9589,2018,54990
9590,2018,63990
9591,2016,37490
9592,2019,55990
9593,2019,56990
9594,2019,54990
9595,2016,17990
9596,2014,17990
9597,2012,12490
9598,2016,14477
9599,2013,10977
9600,2014,9977
9601,2016,13977
9602,2017,13477
9603,2017,13477
9604,2019,29477
9605,2016,17977
9606,2009,7724
9607,2016,11016
9608,2016,13150
9609,2016,17490
9610,2015,14290
9611,2014,10490
9612,2018,26000
9613,2017,18999
9614,2009,4343
9615,2017,18975
9616,2013,12000
9617,2017,15200
9620,2014,12500
9622,2015,15000
9623,2015,16800
9624,2017,12495
9625,2014,13995
9626,2015,14495
9627,2016,16475
9628,2015,24975
9629,2017,15975
9630,2015,16495
9631,2017,17795
9632,2017,28995
9633,2017,17875
9634,2017,18475
9635,2017,16975
9636,2016,17475
9637,2013,14495
9638,2016,23995
9639,2018,59995
9640,2015,15995
9641,2015,15275
9642,2013,12975
9643,2017,20475
9644,2014,11975
9645,2013,12475
9646,2016,15675
9647,2015,15500
9648,2014,14000
9649,2017,19500
9651,2017,13800
9652,2016,18400
9653,2015,14400
9655,2016,12800
9656,2015,15000
9657,2012,11000
9658,2015,15700
9659,2016,13300
9660,2016,16700
9661,2016,16000
9662,2015,16800
9663,2016,14800
9664,2015,13300
9665,2015,16600
9666,2013,17500
9667,2014,15650
9668,2015,14850
9669,2010,8990
9670,2017,16500
9671,2018,21950
9672,2017,19950
9673,2016,13450
9674,2016,15950
9675,2016,18500
9676,2016,12400
9677,2017,17500
9678,2017,16500
9679,2016,28500
9680,2017,14500
9681,2017,17250
9682,2016,16450
9683,2016,17950
9684,2013,11350
9685,2017,16450
9686,2017,20990
9687,2016,13950
9688,2014,12900
9689,2015,16250
9690,2011,13150
9691,2016,18500
9692,2016,13990
9693,2013,23990
9694,2015,17250
9695,2015,14200
9696,2013,10650
9697,2017,22950
9698,2017,21500
9699,2013,10500
9700,2017,17500
9701,2012,8490
9702,2017,18990
9703,2016,14990
9704,2016,12490
9705,2016,16475
9706,2016,14475
9707,2015,14990
9708,2016,15990
9709,2015,16490
9710,2015,11490
9711,2017,14490
9712,2016,12990
9713,2017,15490
9714,2016,16490
9715,2014,9990
9716,2015,11990
9717,2015,14990
9718,2015,13990
9719,2017,20990
9720,2016,14990
9721,2016,10490
9722,2015,10490
9723,2015,14490
9724,2013,9990
9725,2017,18990
9726,2016,15990
9727,2016,13950
9728,2015,13990
9729,2016,13490
9730,2012,8990
9731,2016,12490
9732,2015,12990
9733,2014,12990
9734,2016,15975
9735,2013,15775
9736,2015,15275
9737,2013,14175
9738,2017,20475
9739,2017,15475
9740,2015,28975
9741,2016,14995
9742,2016,12990
9743,2013,10490
9744,2016,18750
9745,2016,17850
9746,2017,20250
9747,2015,16999
9748,2016,15900
9749,2015,12990
9750,2014,8990
9751,2016,9990
9752,2013,11990
9753,2012,7490
9754,2013,8990
9755,2014,8990
9756,2016,14990
9757,2013,11990
9758,2014,14490
9759,2015,13990
9760,2017,15990
9761,2017,17990
9762,2017,14990
9763,2017,27990
9764,2015,14990
9765,2016,16990
9766,2014,13990
9767,2015,39990
9768,2016,12990
9769,2016,30990
9770,2016,12990
9771,2011,10990
9772,2015,13990
9773,2016,13490
9774,2015,14990
9775,2014,14990
9776,2017,14990
9777,2013,8990
9778,2016,15990
9779,2016,13490
9780,2014,10990
9781,2017,21990
9782,2017,33990
9783,2016,16490
9784,2014,12490
9785,2015,16990
9786,2016,16990
9787,2016,16490
9788,2016,15990
9789,2015,12990
9790,2017,19990
9791,2017,14990
9792,2016,17990
9793,2016,13990
9794,2016,12990
9795,2016,13990
9796,2015,18990
9797,2017,18990
9798,2015,16990
9799,2015,12990
9800,2015,15500
9801,2013,7250
9802,2017,17600
9803,2016,22990
9804,2015,23750
9805,2015,12595
9806,2016,18990
9807,2015,16490
9808,2015,15990
9809,2014,12990
9810,2017,13990
9811,2016,16990
9812,2016,12490
9813,2015,13990
9814,2016,13490
9815,2016,16990
9816,2018,16490
9817,2018,21990
9818,2014,9490
9819,2013,10990
9820,2017,32990
9821,2017,17490
9822,2016,13990
9823,2016,12990
9824,2015,13990
9825,2014,12990
9826,2014,12990
9827,2014,12490
9828,2018,15990
9829,2017,18490
9830,2017,20490
9831,2016,16990
9832,2015,11490
9833,2015,14490
9834,2018,24990
9835,2016,15990
9836,2014,9990
9837,2016,17990
9838,2013,9490
9839,2015,13990
9840,2016,19990
9841,2016,12990
9842,2015,16990
9843,2016,19990
9844,2015,15990
9845,2016,15490
9846,2015,12490
9847,2016,13990
9848,2014,10990
9849,2016,27990
9850,2016,16990
9851,2016,13990
9852,2013,12990
9853,2015,15990
9854,2017,15990
9855,2015,11990
9856,2017,14990
9857,2018,19990
9858,2018,21990
9859,2013,11990
9860,2015,11490
9861,2015,16490
9862,2018,23990
9863,2017,27990
9864,2016,18990
9865,2016,15490
9866,2015,10490
9867,2013,8990
9868,2015,13990
9869,2015,14990
9870,2015,11490
9871,2015,14490
9872,2017,23499
9873,2015,12299
9874,2016,15999
9875,2014,7891
9876,2016,13799
9877,2014,10620
9878,2017,21999
9879,2014,11675
9880,2015,16786
9881,2018,19412
9882,2014,15490
9883,2017,19990
9884,2017,20990
9885,2016,14990
9886,2015,11490
9887,2015,13490
9888,2016,16990
9889,2017,15990
9890,2012,7990
9891,2017,17990
9892,2016,12990
9893,2012,10505
9894,2016,15699
9895,2016,15299
9896,2013,15499
9897,2016,17299
9898,2018,18299
9899,2017,16950
9900,2015,14143
9901,2016,16400
9902,2017,18037
9903,2016,12999
9904,2016,15395
9905,2017,14799
9906,2017,16267
9907,2017,16999
9908,2016,19999
9909,2015,15499
9910,2017,13499
9911,2016,19450
9912,2017,21535
9913,2017,20000
9914,2016,11849
9915,2016,15910
9916,2015,12495
9917,2016,15999
9918,2016,14299
9919,2017,16995
9920,2016,19999
9921,2016,19200
9922,2019,20999
9923,2015,23499
9924,2015,15799
9925,2016,14999
9926,2015,10799
9927,2016,17962
9928,2014,10775
9929,2013,12460
9930,2015,22806
9931,2016,14499
9932,2014,12670
9933,2016,11999
9934,2012,8500
9935,2018,23400
9936,2014,10999
9937,2017,16799
9938,2015,12699
9939,2015,16499
9940,2017,19300
9941,2017,15088
9942,2015,14490
9943,2015,16990
9944,2015,13990
9945,2013,12990
9946,2016,13490
9947,2014,11990
9948,2013,11490
9949,2016,18990
9950,2015,13490
9951,2013,12990
9952,2013,8990
9953,2017,20990
9954,2016,14990
9955,2017,15990
9956,2014,12295
9957,2016,16000
9958,2016,14299
9959,2015,14995
9960,2017,14799
9961,2016,14499
9962,2018,17399
9963,2017,18865
9964,2015,16350
9965,2017,29300
9966,2017,12999
9967,2017,16958
9968,2016,15999
9969,2016,16989
9970,2014,14999
9971,2017,15035
9972,2018,21999
9973,2017,13499
9974,2013,10190
9975,2016,18700
9976,2016,16499
9977,2014,11949
9978,2013,12202
9979,2013,10636
9980,2016,19499
9981,2016,21499
9982,2018,17799
9983,2017,24799
9984,2016,14499
9985,2016,15999
9986,2013,11229
9987,2013,10999
9988,2016,18499
9989,2016,21999
9990,2014,12799
9991,2012,15299
9992,2016,17999
9993,2014,13421
9994,2016,16199
9995,2017,17488
9996,2015,12199
9997,2013,10349
9998,2017,20274
9999,2017,15999
10000,2015,17130
10001,2013,21999
10002,2016,15858
10003,2016,16341
10004,2017,11849
10005,2016,13499
10006,2014,16889
10007,2015,17399
10008,2015,14999
10009,2014,11999
10010,2017,19299
10011,2017,18728
10012,2016,14995
10013,2016,17999
10014,2017,20200
10015,2015,15800
10016,2015,27444
10017,2018,26998
10018,2015,13998
10019,2010,8850
10020,2016,13119
10021,2018,18249
10022,2013,9499
10023,2012,9124
10024,2017,13849
10025,2015,18199
10026,2014,15965
10027,2012,10499
10028,2017,18999
10029,2016,15999
10030,2015,13599
10031,2016,13499
10032,2015,15604
10033,2014,11750
10034,2012,7573
10035,2019,23498
10036,2017,21998
10037,2017,19498
10038,2017,22998
10039,2016,19998
10040,2017,24248
10041,2016,18498
10042,2017,18998
10043,2017,38248
10044,2020,154998
10045,2016,19498
10046,2019,27498
10047,2017,19998
10048,2017,20498
10049,2014,10498
10050,2017,16798
10051,2019,36998
10052,2020,25998
10053,2020,43498
10054,2017,19498
10055,2018,36498
10056,2020,29498
10057,2020,27498
10058,2017,25498
10059,2020,42998
10060,2020,34498
10061,2020,33998
10062,2020,53998
10063,2020,25748
10064,2020,39998
10065,2020,33998
10066,2017,31248
10067,2019,24748
10068,2017,15978
10069,2017,30998
10070,2020,67899
10071,2018,17998
10072,2016,26498
10073,2016,23988
10074,2017,18998
10075,2017,21498
10076,2017,21498
10077,2018,19998
10078,2016,19998
10079,2019,31248
10080,2016,22248
10081,2020,26498
10082,2015,10499
10083,2016,19599
10084,2017,16475
10085,2016,12499
10086,2016,11799
10087,2017,16999
10088,2016,13299
10089,2016,16999
10090,2013,8899
10091,2019,18798
10092,2017,19998
10093,2020,29998
10094,2020,50998
10095,2019,19498
10096,2017,23248
10097,2018,19798
10098,2017,26498
10099,2020,45498
10100,2019,29498
10101,2019,24998
10102,2019,25948
10103,2017,28498
10104,2020,37998
10105,2015,16799
10106,2013,12842
10107,2018,23500
10108,2016,18799
10109,2016,12999
10110,2013,12499
10111,2015,15999
10112,2016,17999
10113,2015,13854
10114,2015,16998
10115,2017,17498
10116,2017,21998
10117,2017,39498
10118,2019,24998
10119,2017,22498
10120,2017,20498
10121,2018,53000
10122,2019,27998
10123,2018,17498
10124,2017,21998
10125,2018,16740
10126,2016,13940
10127,2017,20790
10128,2016,11490
10129,2016,13490
10130,2014,21970
10131,2018,16970
10132,2016,16490
10133,2017,16490
10134,2008,5780
10135,2014,16940
10136,2015,11440
10137,2013,8940
10138,2016,14840
10139,2017,13640
10140,2016,19970
10141,2014,13470
10142,2017,17989
10143,2015,19940
10144,2018,17470
10145,2016,17970
10146,2016,18740
10147,2018,24970
10148,2016,14670
10149,2015,14270
10150,2018,28970
10151,2017,31997
10152,2010,4495
10153,2015,13970
10154,2015,14900
10155,2013,13790
10156,2015,15490
10157,2016,16490
10158,2017,17590
10159,2017,19299
10160,2013,8491
10161,2015,8491
10162,2017,15491
10163,2014,10393
10164,2015,9793
10165,2015,11591
10166,2015,9791
10167,2015,10791
10168,2017,11393
10169,2016,13740
10170,2012,11940
10171,2017,14670
10172,2015,15970
10173,2017,18470
10174,2016,9891
10175,2015,7792
10176,2016,12392
10177,2015,11493
10178,2017,13392
10179,2015,9793
10180,2016,10993
10181,2013,8491
10182,2016,11393
10183,2015,8692
10184,2010,5993
10185,2015,17399
10186,2016,14649
10187,2015,20749
10188,2017,14749
10189,2016,9891
10190,2013,7992
10191,2016,9391
10192,2015,10491
10193,2015,10991
10194,2015,11591
10195,2016,10493
10196,2017,11393
10197,2013,8492
10198,2015,8491
10199,2014,10393
10200,2009,3994
10201,2015,9392
10202,2015,10791
10203,2015,9791
10204,2014,15399
10205,2017,16199
10206,2017,18999
10207,2017,16799
10208,2013,11119
10209,2015,11479
10210,2016,17999
10211,2018,19949
10212,2016,15650
10213,2014,10649
10214,2018,15799
10215,2017,15499
10216,2018,17999
10217,2018,24499
10218,2017,25998
10219,2017,24948
10220,2017,17498
10221,2017,20988
10222,2017,24998
10223,2016,14999
10224,2018,16699
10225,2016,14999
10226,2017,14599
10227,2015,13999
10228,2018,15799
10229,2016,13599
10230,2017,19499
10231,2013,12299
10232,2015,11499
10233,2018,18699
10234,2017,15993
10235,2018,18258
10236,2015,20000
10237,2017,21499
10238,2018,21498
10239,2018,22999
10240,2017,17999
10241,2017,15499
10242,2013,8751
10243,2018,16499
10244,2017,24999
10245,2017,13499
10246,2017,17295
10247,2017,14999
10248,2006,2995
10249,2008,4295
10250,2015,16395
10251,2013,16490
10252,2015,12490
10253,2010,4990
10254,2014,11990
10255,2015,27985
10256,2013,9685
10257,2017,12988
10258,2016,16499
10259,2011,11230
10260,2016,16326
10261,2017,21999
10262,2018,20299
10263,2018,17599
10264,2016,19699
10265,2017,17999
10266,2016,16699
10267,2015,10999
10268,2017,16999
10269,2016,17499
10270,2016,13999
10271,2016,14899
10272,2015,14599
10273,2018,17244
10274,2018,18999
10275,2016,17999
10276,2014,15999
10277,2013,11799
10278,2019,43900
10279,2016,20191
10280,2019,34400
10281,2019,97900
10282,2017,16499
10283,2015,12199
10284,2016,15999
10285,2013,15499
10286,2017,20249
10287,2016,11599
10288,2016,17499
10289,2016,13999
10290,2018,22691
10291,2018,21691
10292,2019,22291
10293,2018,31991
10294,2016,27491
10295,2017,18991
10296,2019,26991
10297,2017,18991
10298,2019,51991
10299,2020,32900
10300,2016,17299
10301,2016,13499
10302,2016,14499
10303,2016,11999
10304,2017,15699
10305,2015,14799
10306,2012,8999
10307,2016,11999
10308,2012,8238
10309,2016,18999
10310,2018,15489
10311,2012,21749
10312,2017,16489
10313,2015,19940
10314,2017,13570
10315,2015,13940
10316,2015,9940
10317,2014,11340
10318,2016,13999
10319,2011,8899
10320,2019,19999
10321,2016,24495
10322,2016,17799
10323,2017,16299
10324,2017,26499
10325,2014,17699
10326,2015,10985
10327,2017,14486
10328,2016,15599
10329,2017,36900
10330,2017,18900
10331,2017,18900
10332,2015,11900
10333,2015,15400
10334,2020,41900
10335,2014,14900
10336,2015,17900
10337,2017,15739
10338,2016,17999
10339,2014,13799
10340,2017,17499
10341,2016,13299
10342,2016,18268
10343,2016,18000
10344,2016,18899
10345,2015,14699
10346,2013,10200
10347,2017,18999
10348,2018,19499
10349,2013,8699
10350,2015,25499
10351,2015,11234
10352,2018,16799
10353,2017,25991
10354,2019,22991
10355,2019,19491
10356,2019,39491
10357,2019,29998
10358,2015,59991
10359,2019,48291
10360,2018,28491
10361,2018,51991
10362,2019,56900
10363,2017,20988
10364,2017,18900
10365,2017,22400
10367,2017,22900
10368,2017,39900
10369,2018,31900
10370,2017,20700
10371,2016,12900
10372,2019,28991
10373,2017,17991
10374,2018,22991
10375,2018,21691
10376,2014,16991
10377,2018,24991
10378,2019,24992
10379,2017,15591
10380,2017,18991
10381,2017,20991
10382,2016,14991
10383,2020,28900
10384,2019,25491
10385,2017,25291
10386,2017,18391
10387,2018,18991
10388,2016,16091
10389,2016,18291
10390,2020,40900
10391,2020,54900
10392,2019,31400
10393,2019,32900
10394,2019,27900
10395,2016,25400
10396,2015,14900
10397,2016,13900
10398,2015,15400
10399,2019,48900
10400,2020,37400
10401,2016,13900
10402,2016,27900
10403,2020,25900
10404,2020,24900
10405,2020,27900
10406,2020,39900
10407,2020,35900
10408,2017,17698
10409,2017,27400
10410,2018,22900
10411,2017,21900
10412,2019,27400
10413,2017,18691
10414,2017,16591
10415,2017,19991
10416,2017,14391
10417,2019,43900
10418,2019,23900
10419,2017,17300
10420,2017,39900
10421,2019,32900
10422,2017,24900
10423,2016,13900
10424,2017,23700
10425,2016,18991
10426,2015,17991
10427,2016,18391
10428,2016,18691
10429,2019,22691
10430,2016,15900
10431,2017,27998
10432,2016,17691
10433,2016,19900
10434,2019,25400
10435,2019,26291
10436,2018,22991
10437,2017,21291
10438,2016,15291
10439,2019,35995
10440,2019,28490
10441,2016,18695
10442,2017,12760
10443,2017,23895
10444,2017,20995
10445,2019,23795
10446,2017,27995
10447,2014,12495
10448,2018,15999
10449,2016,17999
10450,2016,12732
10451,2015,18464
10452,2013,9000
10453,2016,15999
10454,2017,18999
10455,2015,13499
10456,2016,11499
10457,2018,17999
10458,2016,12999
10459,2017,17999
10460,2015,18499
10461,2015,19499
10462,2015,15899
10464,2009,6999
10465,2013,11499
10466,2008,5999
10467,2013,11950
10468,2018,23995
10469,2016,26495
10470,2016,19495
10471,2016,16000
10472,2017,21489
10473,2016,10699
10474,2016,14499
10475,2013,8799
10476,2016,16299
10477,2015,12295
10478,2016,15000
10479,2015,14295
10480,2015,12295
10481,2015,10500
10482,2014,12795
10483,2014,10000
10484,2015,13000
10485,2018,17699
10486,2016,17699
10487,2017,29995
10488,2015,17721
10489,2016,16999
10490,2013,18999
10491,2016,14868
10492,2017,17249
10493,2015,17949
10494,2016,22900
10495,2014,10528
10496,2016,13399
10497,2016,15339
10498,2016,9895
10499,2014,13000
10500,2016,12795
10501,2014,9695
10502,2015,13999
10503,2013,12000
10504,2014,11699
10505,2015,11199
10506,2015,13499
10507,2016,15499
10508,2018,22995
10509,2017,13222
10510,2015,10999
10511,2013,11651
10512,2012,9199
10513,2013,10495
10514,2015,11695
10515,2015,15991
10516,2015,18995
10517,2015,18995
10518,2015,18995
10519,2015,15695
10520,2016,13000
10521,2015,11295
10522,2016,13295
10523,2013,11195
10524,2016,14995
10525,2014,13498
10526,2015,10998
10527,2016,19395
10528,2019,39995
10529,2018,32748
10530,2019,25495
10531,2019,44995
10532,2015,16250
10533,2016,14795
10534,2017,28998
10535,2018,18298
10536,2015,18298
10537,2013,13798
10538,2016,16798
10539,2019,58298
10540,2017,27248
10541,2016,19248
10542,2020,50995
10543,2015,13469
10544,2016,18400
10545,2015,15499
10546,2016,16917
10547,2016,14989
10548,2018,16999
10549,2015,14906
10550,2013,12499
10551,2020,44298
10552,2018,18998
10553,2016,25998
10554,2018,21495
10555,2015,16298
10556,2016,13298
10557,2019,18748
10558,2019,32998
10559,2019,29498
10560,2018,28900
10561,2017,19400
10562,2017,17900
10563,2020,43400
10564,2016,22900
10565,2016,17900
10566,2019,81900
10567,2016,19748
10568,2020,25298
10569,2020,28298
10570,2013,13298
10571,2018,32245
10572,2017,25998
10573,2015,18298
10574,2017,17499
10575,2018,42248
10576,2016,23245
10577,2017,30748
10578,2016,13186
10579,2019,20248
10580,2016,18745
10581,2018,25748
10582,2015,19248
10583,2018,26748
10584,2019,19245
10585,2015,21745
10586,2016,20248
10587,2015,21745
10588,2016,21245
10589,2018,18798
10590,2019,18748
10591,2019,18748
10592,2019,18748
10593,2020,61995
10594,2020,43495
10595,2019,55298
10596,2019,36998
10597,2019,47298
10598,2014,10759
10599,2016,15679
10600,2017,14999
10601,2015,13495
10602,2016,19599
10603,2016,13799
10604,2017,18999
10605,2012,7699
10606,2015,17500
10607,2020,42995
10608,2019,18748
10609,2015,17248
10610,2018,28298
10611,2017,18248
10612,2020,42798
10613,2020,33298
10614,2020,37298
10615,2019,19248
10616,2016,13600
10617,2014,14999
10618,2016,18499
10619,2017,20599
10620,2017,16799
10621,2017,15999
10622,2014,10999
10623,2012,9400
10624,2016,17820
10625,2019,18498
10626,2019,18748
10627,2016,20100
10628,2016,19500
10629,2016,15750
10630,2014,14199
10631,2019,18748
10632,2020,26998
10633,2020,49298
10634,2020,30298
10635,2020,27798
10636,2020,41298
10637,2015,14298
10638,2017,25248
10639,2017,16700
10640,2015,13400
10641,2017,18000
10642,2015,10700
10643,2016,15200
10644,2017,13400
10645,2016,15400
10646,2017,13700
10647,2017,17200
10648,2018,28800
10649,2017,15200
10650,2014,9900
10651,2017,17000
10652,2016,17600
10653,2017,16300
10654,2017,17400
10655,2017,15600
10656,2017,17700
10657,2016,16900
10658,2016,14600
10659,2016,19200
10660,2016,17600
10661,2014,12900
10662,2014,10300
10663,2016,18200
10664,2016,18100
10665,2016,16500
10666,2016,17000
10667,2017,15850
10668,2017,14700
10669,2017,14000
10670,2017,16300
10671,2015,16000
10672,2016,12400
10673,2016,13200
10674,2016,18600
10676,2016,18000
10677,2016,15700
10678,2017,14000
10679,2017,16000
10680,2013,9000
10681,2014,13500
10682,2014,12500
10683,2016,17900
10684,2013,11800
10685,2016,14700
10686,2016,12300
10687,2017,19200
10688,2013,10800
10689,2017,16200
10690,2017,18000
10691,2017,17100
10692,2018,18800
10693,2014,15000
10694,2015,12900
10695,2017,15200
10696,2015,16700
10697,2017,15700
10698,2015,12900
10699,2013,9700
10700,2016,16200
10701,2017,25400
10702,2015,17000
10703,2016,16000
10704,2016,19100
10705,2017,15700
10706,2016,16800
10707,2016,20800
10708,2015,18700
10709,2017,13500
10711,2017,18300
10712,2016,14000
10713,2018,20000
10714,2018,19000
10715,2016,19000
10716,2016,20100
10717,2015,14500
10718,2017,20300
10719,2014,16300
10720,2015,14000
10721,2016,19100
10722,2015,15700
10723,2016,18700
10724,2016,16000
10725,2015,10900
10726,2017,16750
10727,2018,19900
10728,2016,20200
10729,2016,12500
10730,2015,14200
10731,2016,20800
10732,2017,21400
10733,2016,14400
10734,2017,18500
10735,2019,22600
10736,2015,19100
10737,2016,18300
10738,2016,20500
10740,2013,12000
10741,2017,13800
10742,2015,12200
10743,2016,12900
10744,2015,8800
10745,2017,19600
10746,2018,20700
10747,2014,10500
10748,2017,16000
10749,2013,11000
10750,2016,18000
10751,2014,12000
10752,2017,16500
10753,2017,38191
10754,2017,17999
10755,2016,19300
10756,2016,15100
10757,2017,15000
10758,2015,16600
10759,2015,18700
10760,2016,18300
10761,2015,19600
10762,2017,19000
10763,2015,15700
10764,2016,18300
10765,2017,28800
10766,2017,28900
10767,2019,23400
10768,2019,30900
10769,2019,48900
10770,2017,28900
10771,2017,24900
10772,2017,17400
10773,2017,19700
10774,2015,14800
10775,2019,54900
10776,2019,23400
10777,2019,28900
10778,2017,17400
10779,2017,24900
10780,2015,19400
10781,2018,46900
10782,2017,21400
10783,2019,23200
10784,2017,25900
10785,2019,35400
10786,2019,24400
10787,2019,29900
10788,2019,43600
10789,2019,24400
10790,2013,11900
10791,2017,31400
10792,2017,19700
10793,2019,39900
10794,2019,34400
10795,2017,26800
10796,2019,40900
10797,2017,25900
10798,2018,39900
10799,2019,23200
10800,2018,17800
10801,2018,37300
10802,2015,48400
10803,2016,15400
10804,2017,17200
10805,2019,44400
10806,2017,17200
10807,2018,90900
10808,2019,33400
10809,2019,18300
10810,2017,14700
10811,2019,25900
10812,2019,26900
10813,2019,37900
10814,2017,21900
10816,2015,18500
10817,2019,18900
10818,2017,38800
10819,2016,18600
10820,2017,30400
10821,2019,18800
10822,2019,18900
10823,2019,18800
10824,2019,18900
10825,2019,19200
10826,2015,14000
10827,2015,13300
10828,2016,15000
10829,2016,18200
10830,2015,18000
10831,2016,20000
10832,2016,19500
10833,2017,20900
10834,2015,15900
10835,2016,18400
10836,2013,12400
10837,2017,19900
10838,2017,16900
10839,2018,17600
10840,2019,21400
10841,2019,24400
10842,2019,45900
10843,2019,18200
10844,2017,20200
10845,2015,12795
10846,2020,43900
10847,2018,21000
10848,2017,15980
10849,2016,16500
10850,2016,13295
10851,2015,10500
10852,2016,12000
10853,2013,7395
10854,2016,14500
10855,2015,11500
10856,2014,12000
10857,2014,12500
10858,2014,8795
10859,2017,28985
10860,2015,14995
10861,2013,12995
10862,2017,24495
10863,2003,12995
10864,2012,12995
10865,2016,18500
10866,2018,20250
10867,2019,24700
10868,2018,25748
10869,2018,17900
10870,2018,21400
10871,2020,44900
10872,2020,33900
10873,2020,42900
10874,2020,28680
10875,2020,41900
10876,2017,11499
10877,2013,10499
10878,2016,19795
10879,2016,20000
10880,2016,19000
10881,2017,16500
10882,2017,18700
10883,2016,15800
10884,2017,17000
10885,2017,16800
10886,2017,13500
10887,2015,18000
10888,2016,16000
10889,2016,17900
10890,2017,16000
10891,2016,13500
10892,2013,12795
10893,2014,19985
10894,2010,5975
10895,2018,25500
10896,2010,9000
10897,2007,4395
10898,2012,7995
10899,2018,27991
10900,2013,8985
10901,2015,10990
10902,2016,11994
10903,2019,21380
10904,2020,24899
10905,2018,19249
10906,2018,15899
10907,2014,16994
10908,2015,17299
10909,2018,17699
10910,2016,13299
10911,2015,16499
10912,2016,15999
10913,2015,15599
10914,2016,12149
10915,2016,14999
10916,2017,13499
10917,2015,14999
10918,2015,13799
10919,2014,12999
10920,2018,16999
10921,2015,16499
10922,2015,17699
10923,2016,16299
10924,2018,19999
10925,2015,14695
10926,2016,15999
10927,2016,16799
10928,2019,29990
10929,2013,10299
10930,2016,12999
10931,2014,14499
10932,2015,12999
10933,2016,14999
10934,2015,13699
10935,2015,14899
10936,2018,19699
10937,2016,13999
10938,2017,15999
10939,2015,24499
10940,2015,17999
10941,2017,13499
10942,2013,11499
10943,2016,15299
10944,2016,13299
10945,2017,13299
10946,2015,15499
10947,2018,20999
10948,2018,16798
10949,2017,14827
10950,2015,16699
10951,2015,14313
10952,2014,13299
10953,2013,9259
10954,2015,12995
10955,2018,18990
10956,2014,13550
10957,2016,19999
10958,2012,10999
10959,2017,15652
10960,2018,17209
10961,2016,11724
10962,2015,16999
10963,2017,15799
10964,2016,16699
10965,2017,19347
10966,2015,10354
10967,2016,17590
10968,2015,13480
10969,2012,8450
10970,2016,17999
10971,2018,17999
10972,2018,19399
10973,2014,16699
10974,2016,13776
10975,2018,15999
10976,2015,13599
10977,2016,18999
10978,2015,12499
10979,2015,10999
10980,2017,20999
10981,2014,13799
10982,2015,15999
10983,2012,9799
10984,2016,12999
10985,2018,18249
10986,2014,11999
10987,2016,15150
10988,2014,10933
10989,2017,13999
10990,2011,8894
10991,2016,15750
10992,2016,15999
10993,2018,18599
10994,2017,16499
10995,2016,18108
10996,2018,27499
10997,2016,16562
10998,2015,13799
10999,2016,13550
11000,2011,9250
11001,2012,9850
11002,2018,19499
11003,2016,15499
11004,2018,17851
11005,2018,19250
11006,2016,16822
11007,2018,18816
11008,2018,18999
11009,2014,11599
11010,2018,18950
11011,2016,15905
11012,2016,13391
11013,2016,14999
11014,2017,14799
11015,2016,18295
11016,2014,11899
11017,2015,12999
11018,2017,22150
11019,2015,13999
11020,2016,16969
11021,2016,17069
11022,2016,18499
11023,2016,17999
11024,2016,14999
11025,2018,17999
11026,2018,21499
11027,2014,15700
11028,2017,20499
11029,2017,18399
11030,2016,16999
11031,2016,18699
11032,2018,19530
11033,2016,14899
11034,2014,10999
11035,2016,14999
11036,2016,14999
11037,2015,18999
11038,2013,10199
11039,2014,20499
11040,2015,14999
11041,2013,9499
11042,2015,15197
11043,2017,15285
11044,2018,16450
11045,2014,14999
11046,2014,10822
11047,2015,17375
11048,2017,19999
11049,2016,17999
11050,2017,15700
11051,2017,22499
11052,2012,10899
11053,2014,14786
11054,2016,19599
11055,2016,16499
11056,2015,15999
11057,2017,15648
11058,2018,17699
11059,2018,20250
11060,2018,17550
11061,2015,15799
11062,2015,18999
11063,2015,19991
11064,2016,27991
11065,2014,25991
11066,2018,21991
11067,2018,27991
11068,2018,16800
11069,2014,12450
11070,2013,10000
11071,2014,8499
11072,2014,14999
11073,2013,9980
11074,2015,12980
11075,2015,10000
11076,2011,5499
11077,2015,15499
11078,2016,16499
11079,2018,18399
11080,2018,18750
11081,2018,27597
11082,2017,15899
11083,2016,25999
11084,2016,14646
11085,2015,14099
11086,2014,10171
11087,2016,14806
11088,2014,15034
11089,2006,3690
11090,2016,16991
11091,2015,15691
11092,2015,14491
11093,2016,15991
11094,2014,24491
11095,2016,36991
11096,2016,32991
11097,2019,28991
11098,2013,14750
11099,2016,10799
11100,2015,14850
11101,2017,25995
11102,2017,18500
11103,2013,5950
11104,2018,20850
11105,2015,22250
11106,2009,4950
11107,2013,15275
11108,2017,21491
11109,2016,14000
11110,2014,11795
11111,2016,14000
11112,2016,12500
11113,2013,11295
11114,2014,10500
11115,2015,11295
11116,2016,14000
11117,2013,12295
11118,2015,11500
11119,2015,13000
11120,2015,14295
11121,2015,10795
11122,2015,12795
11123,2014,7295
11124,2017,14500
11125,2017,16750
11126,2017,15450
11127,2015,10000
11128,2015,19500
11129,2015,13000
11130,2015,10500
11131,2014,10795
11132,2015,10000
11133,2015,11500
11134,2015,14000
11135,2015,10795
11136,2015,13295
11137,2017,19995
11138,2011,9995
11139,2016,33995
11140,2004,2995
11141,2015,15995
11142,2017,13495
11143,2016,15699
11144,2018,14990
11145,2012,12995
11146,2015,16295
11147,2015,13195
11148,2015,13795
11149,2016,12795
11150,2014,10500
11151,2015,12995
11152,2015,11495
11153,2016,14000
11154,2016,13195
11155,2018,18399
11156,2015,16499
11157,2017,14999
11158,2016,13399
11159,2015,14000
11160,2016,12195
11161,2016,11000
11162,2016,15000
11163,2015,14500
11164,2015,18199
11165,2017,15599
11166,2015,11899
11167,2015,13699
11168,2016,14799
11169,2016,12499
11170,2016,13799
11171,2008,5875
11172,2013,9990
11173,2014,10990
11174,2001,1695
11175,2015,17950
11176,2017,20995
11177,2016,15299
11178,2014,11999
11179,2017,14699
11180,2018,18999
11181,2013,12999
11182,2014,14995
11184,2003,3376
11185,2013,11595
11186,2018,24999
11187,2016,23299
11188,2013,10699
11189,2018,19439
11190,2015,13000
11191,2015,12299
11192,2017,14499
11193,2018,19069
11194,2011,7449
11195,2014,13499
11196,2016,16999
11197,2015,11869
11198,2017,15199
11199,2017,19199
11200,2016,14799
11201,2018,20599
11202,2015,14819
11203,2013,11999
11204,2018,14999
11205,2016,13499
11206,2014,8699
11207,2018,20699
11208,2013,10499
11209,2016,19999
11210,2013,10699
11211,2017,17399
11212,2018,19399
11213,2018,19999
11214,2019,24899
11215,2015,19699
11216,2017,12999
11217,2016,15939
11218,2018,19999
11219,2011,7999
11220,2014,9799
11221,2015,14995
11222,2016,18995
11223,2015,10799
11224,2018,19499
11225,2017,15399
11226,2018,21999
11227,2015,19689
11228,2018,16699
11229,2014,14199
11230,2010,9995
11231,2015,15995
11232,2008,6775
11233,2013,10675
11234,2013,8975
11235,2015,10995
11236,2007,5995
11237,2010,5975
11238,2014,16499
11239,2016,13450
11240,2014,16450
11241,2018,18700
11242,2015,14499
11243,2016,15921
11244,2016,30000
11245,2014,15695
11246,2009,3995
11247,2014,10995
11248,2010,12995
11249,2007,6750
11250,2017,21399
11251,2010,8949
11252,2010,7449
11253,2016,17295
11254,2016,16449
11255,2018,19879
11256,2017,16919
11257,2015,13959
11258,2016,19499
11259,2016,14459
11260,2016,17779
11261,2016,14739
11262,2014,12995
11263,2007,2795
11264,2016,12441
11265,2016,16299
11266,2016,18999
11267,2016,14799
11268,2014,16499
11269,2013,11599
11270,2015,16679
11271,2018,19999
11272,2018,16869
11273,2011,11999
11274,2014,12899
11275,2018,19799
11276,2018,19699
11277,2017,15499
11278,2016,13999
11279,2015,11499
11280,2018,21500
11281,2019,17999
11282,2016,16879
11283,2015,14370
11284,2015,18199
11285,2015,16999
11286,2017,17399
11287,2016,12999
11288,2016,15999
11289,2014,12499
11290,2013,10199
11291,2016,14799
11292,2017,14999
11293,2016,19349
11294,2018,17699
11295,2018,18999
11296,2018,18799
11297,2018,18499
11298,2014,8999
11299,2017,16999
11300,2017,13499
11301,2017,14999
11302,2014,11499
11303,2016,13999
11304,2017,13899
11305,2012,7899
11306,2016,15699
11307,2016,18399
11308,2017,19399
11309,2013,13599
11310,2017,15999
11311,2015,12800
11312,2018,19899
11313,2018,21199
11314,2016,17399
11315,2013,8099
11316,2014,17499
11317,2016,15391
11318,2016,19299
11319,2014,11999
11320,2012,15699
11321,2018,17149
11322,2016,15699
11323,2015,12437
11324,2015,15299
11325,2018,19999
11326,2017,27999
11327,2015,15175
11328,2017,19599
11329,2018,22899
11330,2013,11250
11331,2017,15599
11332,2018,23799
11333,2016,13699
11334,2016,15199
11335,2016,19799
11336,2016,16999
11337,2011,13299
11338,2015,14699
11339,2016,14499
11340,2012,14999
11341,2016,17699
11342,2014,12950
11343,2008,5850
11344,2010,6949
11345,2015,16500
11346,2010,18000
11348,2008,6495
11349,2016,19599
11350,2017,14399
11351,2017,17499
11352,2016,17999
11353,2013,10599
11354,2017,20500
11355,2016,15699
11356,2016,18399
11357,2016,17799
11358,2017,16995
11359,2015,12299
11360,2018,20999
11361,2017,19999
11362,2018,20899
11363,2018,20299
11364,2015,16499
11365,2015,12599
11366,2015,17299
11367,2016,17499
11368,2015,17499
11369,2013,14999
11370,2016,15399
11371,2018,18699
11372,2016,17199
11373,2018,17499
11374,2014,14899
11375,2018,21999
11376,2018,17499
11377,2015,17799
11378,2004,1995
11379,2013,9499
11380,2009,5295
11381,2011,6995
11382,2012,5250
11383,2005,1995
11384,2019,31990
11385,2018,28490
11386,2019,33990
11387,2013,8495
11388,2018,29490
11389,2018,28990
11390,2019,28990
11391,2019,38990
11392,2017,25490
11393,2012,13199
11394,2013,9999
11395,2016,15595
11396,2017,15799
11397,2015,12299
11398,2016,15499
11399,2016,14999
11400,2018,22699
11401,2013,11899
11402,2017,31750
11403,2015,26750
11404,2013,5995
11405,2017,30795
11406,2014,13750
11407,2016,16250
11408,2017,18841
11409,2018,17450
11410,2016,11950
11411,2015,15400
11412,2018,28990
11413,2005,3485
11414,2013,9450
11415,2016,13599
11416,2016,12799
11417,2019,26995
11418,2017,21995
11419,2019,34995
11420,2002,3790
11421,2010,6794
11422,2015,16975
11423,2011,11975
11424,2010,11975
11425,2017,16750
11426,2017,17599
11427,2018,22199
11428,2014,11019
11429,2016,14799
11430,2006,3200
11431,2013,16500
11432,2014,16395
11433,2011,5195
11434,2016,17299
11435,2018,17999
11436,2016,11999
11437,2018,17999
11438,2012,13999
11439,2018,36790
11440,2016,13599
11441,2016,12459
11442,2016,13499
11443,2015,13999
11444,2014,10699
11445,2017,18999
11446,2017,15165
11447,2018,19999
11448,2018,19549
11449,2016,18499
11450,2016,16999
11451,2018,16999
11452,2014,12299
11453,2016,18329
11454,2016,16399
11455,2017,15472
11456,2018,19399
11457,2015,16729
11458,2015,16299
11459,2017,16699
11460,2018,19999
11461,2017,19999
11462,2018,27699
11463,2018,18819
11464,2018,19599
11465,2018,19399
11466,2018,16990
11467,2018,18999
11468,2018,18799
11469,2018,18899
11470,2018,18949
11471,2018,17999
11472,2012,9499
11473,2017,15399
11474,2016,15699
11475,2016,16499
11476,2013,14489
11477,2016,16899
11478,2016,16499
11479,2014,9499
11480,2016,16469
11481,2015,13295
11482,2016,19999
11483,2017,13299
11484,2013,10559
11485,2018,16299
11486,2018,19999
11487,2018,18499
11488,2016,14299
11489,2018,19699
11490,2014,9929
11491,2018,19299
11492,2016,10989
11493,2012,8299
11494,2012,7499
11495,2014,27499
11496,2018,18799
11497,2016,14299
11498,2017,26999
11499,2018,20399
11500,2016,11499
11501,2017,12699
11502,2016,17979
11503,2015,14999
11504,2015,11689
11505,2015,12519
11506,2018,17369
11507,2018,17889
11508,2017,15199
11509,2016,34995
11510,2014,24995
11511,2016,19995
11512,2016,19499
11513,2017,19999
11514,2017,17259
11515,2018,16999
11516,2018,17999
11517,2018,15121
11518,2016,14699
11519,2017,14089
11520,2015,18789
11521,2017,20999
11522,2018,19999
11523,2013,7199
11524,2004,3399
11525,2007,5290
11526,2014,20495
11527,2019,24990
11528,2018,27990
11529,2019,33990
11530,2018,28990
11531,2017,20999
11532,2016,20750
11533,2017,13199
11534,2017,14999
11535,2016,15339
11536,2017,16699
11537,2014,15995
11538,2018,42995
11539,2011,11995
11540,2015,20995
11541,2015,19995
11542,2015,17995
11543,2015,17695
11544,2010,15995
11545,2017,19000
11546,2013,11795
11547,2016,15295
11548,2016,31995
11549,2002,1495
11550,2007,12995
11551,2002,8995
11552,2017,28999
11553,2015,15599
11554,2014,14399
11555,2015,13299
11556,2016,16299
11557,2015,15999
11558,2013,10999
11559,2016,19499
11560,2015,13599
11561,2016,13899
11562,2015,17149
11563,2013,11299
11564,2016,16950
11565,2017,12295
11566,2017,12000
11567,2016,12795
11568,2015,11500
11569,2013,13000
11570,2014,10695
11571,2016,9295
11572,2016,13295
11573,2013,13995
11574,2013,9995
11575,2013,13995
11576,2012,9995
11577,2015,16975
11578,2015,12750
11579,2018,14975
11580,2008,18975
11581,2003,3495
11582,2016,16995
11583,2016,14995
11584,2015,17495
11585,2016,17495
11586,2016,12995
11587,2013,10490
11588,2015,13790
11589,2016,14490
11590,2019,16990
11591,2015,15490
11592,2011,4995
11593,2011,12995
11594,2013,9995
11595,2007,6495
11596,2011,14995
11597,2008,4995
11598,2006,4995
11599,2012,8495
11600,2018,23989
11601,2009,7495
11602,2009,6995
11603,2015,15880
11604,2018,34480
11605,2018,19980
11606,2017,19980
11607,2015,14795
11608,2015,13795
11609,2015,9295
11610,2016,10500
11611,2016,11795
11612,2017,13000
11613,2016,13795
11614,2017,15000
11615,2016,15000
11616,2016,8000
11617,2015,13362
11618,2007,5995
11619,2014,9475
11620,2013,11995
11621,2015,15275
11622,2010,5495
11623,2013,10275
11624,2013,13995
11625,2016,21990
11626,2014,15990
11627,2015,24990
11628,2016,12990
11629,2010,7990
11630,2017,17990
11631,2018,22490
11632,2019,29750
11633,2019,24500
11634,2017,27000
11635,2016,21000
11636,2017,27000
11637,2017,27500
11638,2018,29500
11639,2013,45000
11640,2017,53000
11641,2018,41000
11642,2016,13499
11643,2017,13503
11644,2017,15699
11645,2016,15499
11646,2017,13499
11647,2017,16499
11648,2017,16499
11649,2016,14999
11650,2017,14899
11651,2012,9099
11652,2014,12990
11653,2016,17490
11654,2009,8995
11655,2019,30000
11656,2016,22750
11657,2016,18000
11658,2018,27750
11659,2018,45000
11660,2018,34000
11661,2017,38250
11662,2019,18500
11663,2018,25500
11664,2019,24250
11665,2016,33500
11666,2019,24500
11667,2015,16250
11668,2016,22250
11669,2017,27750
11670,2017,38250
11671,2016,19750
11672,2017,38000
11673,2017,38000
11674,2016,20750
11675,2017,23750
11676,2017,25750
11677,2019,26000
11678,2019,48500
11679,2015,24750
11680,2017,38250
11681,2016,21750
11682,2017,36000
11683,2019,18500
11684,2019,18500
11685,2018,34750
11686,2016,15750
11687,2017,29950
11688,2016,20950
11689,2017,27000
11690,2017,27000
11691,2017,26000
11692,2017,27000
11693,2017,27000
11694,2017,24500
11695,2016,27250
11696,2018,24750
11697,2018,29500
11698,2016,21000
11699,2017,21250
11700,2018,84500
11701,2018,52000
11702,2016,36500
11703,2016,33000
11704,2016,31000
11705,2016,57000
11706,2016,37500
11707,2018,49500
11708,2017,17000
11709,2018,26500
11710,2016,23500
11711,2018,26000
11712,2019,26000
11713,2019,24500
11714,2019,29750
11715,2019,29750
11716,2019,52500
11717,2017,21607
11718,2017,22444
11719,2016,21594
11720,2019,26190
11721,2016,18990
11722,2019,23745
11723,2015,26990
11724,2016,22615
11725,2017,42995
11726,2015,23699
11727,2015,26578
11728,2016,17995
11729,2016,22802
11730,2017,19866
11731,2017,38459
11732,2019,43890
11733,2017,20250
11734,2016,34581
11735,2016,19004
11736,2016,18674
11737,2017,20990
11738,2018,32990
11739,2016,31490
11741,2018,34990
11742,2016,17990
11743,2014,10990
11744,2016,30000
11745,2017,22767
11746,2003,3650
11747,2006,6850
11748,2013,9995
11749,2017,26250
11750,2018,25250
11751,2019,27750
11752,2018,24750
11753,2018,25500
11754,2019,18500
11755,2016,19750
11756,2016,24250
11757,2018,30000
11758,2018,24750
11759,2019,31000
11760,2002,2990
11761,2005,4990
11762,2004,4990
11763,2001,3990
11764,1998,1990
11765,2000,1490
11766,2006,5990
11767,2018,26995
11768,2017,21750
11769,2019,25995
11770,2004,3490
11771,2004,3990
11772,2001,3990
11773,2002,3990
11774,2013,10490
11775,2011,12990
11776,2007,3990
11777,2018,23899
11778,2019,25390
11779,2020,37490
11780,2019,22360
11781,2019,25890
11782,2015,19995
11783,2018,17750
11784,2019,20590
11785,2019,24190
11786,2019,28290
11787,2019,21599
11788,2019,31995
11789,2019,24490
11790,2019,23999
11791,2000,3990
11792,2008,3990
11793,2003,5990
11794,1998,19990
11795,2005,2490
11796,2002,4990
11797,2014,20990
11798,2017,24500
11799,2018,29500
11800,2016,16000
11801,2018,19450
11802,2015,15540
11803,2020,25940
11804,2020,25644
11805,2016,15249
11806,2019,32950
11807,2007,3990
11808,1998,1990
11809,2003,3990
11810,2001,4490
11811,2001,4990
11812,2004,4990
11813,2001,4990
11814,2015,14700
11815,2014,13000
11816,2003,650
11817,2016,16500
11818,2016,20450
11819,2017,18450
11820,2015,12950
11821,2015,24500
11822,2013,7000
11823,2014,11351
11824,2014,15750
11825,2014,9800
11826,2015,13200
11827,2017,16850
11828,2016,18900
11829,2001,3990
11830,2017,22750
11831,2017,23000
11832,2018,29000
11833,2018,24750
11834,2018,24750
11835,2018,29500
11836,2019,18500
11837,2020,36995
11838,2020,49990
11839,2020,28990
11840,2020,26490
11841,2020,34495
11842,2020,30990
11843,2017,29490
11844,2019,34460
11845,2019,21999
11846,2018,35990
11847,2014,24990
11848,2015,27490
11849,2015,26490
11850,2017,29990
11851,2017,41990
11852,2016,18990
11853,2016,42490
11854,2018,39490
11855,2018,39990
11856,2010,6350
11857,2002,2140
11858,2004,19950
11859,2011,10750
11860,1998,10450
11861,2017,30950
11862,2015,16950
11863,2015,18450
11864,2016,57950
11865,2018,22950
11866,2017,29450
11867,2015,16950
11868,2017,31950
11869,2015,29950
11870,2015,15950
11871,2001,3950
11872,2007,6950
11873,2018,15990
11874,2016,16995
11875,2013,8995
11876,2014,11295
11877,2017,29950
11878,2013,9450
11879,2016,15999
11880,2012,10499
11881,2013,10999
11882,2012,9499
11883,2015,13400
11884,2017,23800
11885,2015,18999
11886,2017,34950
11887,2016,31990
11888,2014,9990
11889,2017,48990
11890,2017,54990
11891,2017,33990
11892,2013,7295
11893,2011,9295
11894,2016,18795
11895,2017,14495
11896,2017,14995
11897,2017,20999
11898,2010,6999
11899,2015,20999
11900,2010,5999
11901,2017,16999
11902,2010,7995
11903,2019,38995
11904,2015,14250
11905,2017,20450
11906,2007,2478
11907,2016,16995
11908,2017,18495
11909,2016,11495
11910,2014,11495
11911,2016,36950
11912,1997,9995
11913,2015,13999
11914,2018,21450
11915,2019,23480
11916,2019,34980
11917,2016,13980
11918,2015,18680
11919,2010,8290
11920,2016,29995
11921,2009,8990
11922,2002,16999
11923,2008,14995
11924,2019,28675
11925,2019,28900
11926,2019,12900
11927,2011,6595
11928,2015,6775
11929,2011,9495
11930,2017,31995
11931,2016,15485
11932,2018,19990
11933,2009,6995
11934,2012,12495
11935,2018,46990
11936,2018,33490
11937,2019,20990
11938,2017,19490
11939,2015,29990
11940,2018,89990
11941,2016,25490
11942,2016,14180
11943,2005,2690
11944,2010,7490
11945,2013,9795
11946,2017,26990
11947,2017,29990
11948,2016,19800
11949,2016,18980
11950,2017,26980
11951,2016,23680
11952,2017,29280
11953,2019,23480
11954,2018,25980
11955,2018,35480
11956,2015,16280
11957,2018,18680
11958,2016,19480
11959,2017,26989
11960,2017,21980
11961,2017,14680
11962,2018,25980
11963,2016,32980
11964,2019,22980
11965,2016,17480
11966,2017,16989
11967,2017,22980
11968,2017,16280
11969,2019,22480
11970,2019,22350
11971,2019,26980
11972,2017,14480
11973,2016,13000
11974,2017,18980
11975,2017,20880
11976,2018,23480
11977,2016,16580
11978,2019,28680
11979,2019,26480
11980,2017,22280
11981,2017,16290
11982,2016,17000
11983,2017,30480
11984,2017,23966
11985,2019,20290
11986,2019,24989
11987,2018,20280
11988,2019,25780
11989,2019,39580
11990,2019,32995
11991,2014,16995
11992,2016,19995
11993,2018,28995
11994,2012,8495
11997,2013,22948
11998,2015,16495
11999,2005,6995
12000,2016,17995
12001,2011,7995
12002,2018,20495
12003,2018,28995
12004,2010,5995
12005,2016,24995
12006,2017,14500
12007,2009,4700
12008,2010,1350
12009,2007,1800
12010,2002,6995
12011,1999,5995
12012,2001,4495
12013,2008,7495
12014,2017,17495
12015,2016,13295
12016,2016,17995
12017,2014,7995
12018,2008,3995
12019,2015,11500
12020,2015,16490
12021,2018,16500
12022,2018,20000
12023,2018,22000
12024,2016,22800
12025,2017,15200
12026,2017,23800
12027,2018,18200
12028,2016,17000
12029,2018,19500
12030,2019,20700
12031,2017,18300
12032,2018,21500
12033,2018,16600
12034,2018,18000
12035,2018,18600
12036,2017,27700
12037,2018,23800
12038,2017,16800
12039,2018,24000
12040,2018,21390
12041,2019,18480
12042,2020,29480
12043,2016,36980
12044,2019,54980
12045,2016,17980
12046,2016,15480
12047,2017,19290
12048,2014,9000
12049,2017,25800
12050,2011,7490
12051,2018,20300
12052,2016,16400
12053,2016,20500
12054,2016,20500
12055,2018,21500
12056,2018,17000
12057,2019,19750
12058,2016,14800
12059,2018,18400
12060,2017,14500
12061,2017,18500
12062,2008,3995
12063,2011,7995
12064,2018,17500
12065,2018,22500
12066,2016,16700
12067,2016,25000
12068,2017,21500
12069,2017,16600
12070,2015,13950
12071,2014,9688
12073,2014,10788
12074,2014,11988
12075,2016,18200
12076,2013,17495
12077,2015,17495
12078,2013,13995
12079,2017,18000
12080,2014,13900
12081,2016,18500
12082,2018,18450
12083,2018,18500
12084,2016,12600
12085,2017,19700
12086,2016,12000
12087,2017,19000
12088,2017,19500
12089,2017,17500
12090,2017,20000
12091,2017,20500
12092,2016,17800
12093,2016,17000
12094,2016,14250
12096,2017,16900
12097,2017,12700
12098,2017,18700
12099,2017,24280
12100,2019,28180
12101,2019,25780
12102,2015,16480
12103,2017,28980
12104,2019,24980
12105,2017,17890
12106,2019,24980
12107,2017,18600
12108,2018,19000
12109,2018,19000
12110,2017,17000
12111,2018,19900
12112,2018,20800
12113,2018,19000
12114,2017,14500
12115,2016,17500
12116,2017,18300
12117,2017,16500
12118,2017,19500
12119,2017,18000
12120,2016,18800
12121,2017,16750
12122,2017,18250
12123,2014,13600
12124,2017,16950
12125,2018,21000
12126,2018,15800
12127,2016,13000
12128,2017,17000
12129,2017,18500
12130,2017,11800
12131,2013,11300
12132,2017,16700
12133,2015,18300
12134,2017,21000
12135,2017,17500
12136,2016,15600
12137,2017,19000
12138,2018,17500
12139,2017,17400
12140,2016,21000
12141,2017,16250
12142,2018,17400
12143,2018,27000
12144,2018,17600
12145,2016,17500
12146,2017,18250
12147,2017,16500
12148,2014,14000
12149,2017,15400
12150,2017,17000
12151,2017,13500
12152,2017,19000
12153,2017,17700
12154,2016,14200
12155,2016,13950
12156,2018,20000
12157,2015,17950
12158,2016,24950
12159,2016,21950
12160,2018,64950
12161,2017,19950
12162,2017,22950
12163,2013,9950
12164,2015,26950
12165,2017,17900
12166,2016,14400
12167,2014,13500
12168,2016,11000
12169,2019,27300
12170,2016,13200
12171,2016,17300
12172,2018,19700
12173,2017,20000
12174,2018,14500
12175,2015,17500
12176,2017,14500
12177,2019,19500
12178,2018,27000
12179,2018,20800
12180,2017,17250
12181,2017,23100
12182,2016,19300
12183,2015,14400
12185,2017,17600
12186,2019,17600
12187,2017,18400
12188,2016,14000
12189,2016,18900
12190,2017,18500
12191,2015,19500
12192,2015,19300
12193,2015,11000
12194,2017,13900
12195,2015,16500
12196,2017,12100
12197,2016,14600
12198,2017,20100
12199,2018,20800
12200,2018,15800
12201,2016,20950
12202,2016,12600
12203,2014,11250
12204,2016,20750
12205,2018,18750
12206,2015,13750
12207,2016,16200
12208,2017,12900
12209,2016,20500
12210,2017,19000
12211,2016,15200
12212,2017,15900
12213,2016,19500
12214,2017,12800
12215,2019,17600
12216,2017,20000
12217,2017,11750
12218,2015,15750
12219,2016,12000
12220,2017,19000
12221,2018,20900
12222,2019,22890
12223,2017,14000
12224,2017,19000
12225,2017,16500
12226,2017,15000
12227,2018,21400
12228,2017,12400
12229,2017,13800
12230,2016,18900
12231,2016,11900
12232,2016,16700
12233,2016,14200
12234,2016,15800
12235,2017,16800
12236,2016,11500
12237,2017,16500
12238,2018,15800
12239,2015,15300
12240,2016,11300
12241,2016,16400
12242,2017,15500
12243,2018,18100
12244,2016,17500
12245,2016,19400
12246,2015,15800
12247,2014,11500
12248,2018,15700
12249,2017,14700
12250,2017,20000
12251,2018,13300
12252,2015,12300
12253,2017,19000
12254,2015,14000
12255,2017,14500
12256,2016,15400
12257,2016,14500
12258,2018,17950
12259,2018,19750
12260,2018,19750
12261,2018,19750
12262,2019,19950
12263,2019,22950
12264,2019,28950
12265,2017,23950
12266,2018,19400
12267,2016,15200
12268,2015,15200
12269,2019,17800
12271,2017,18600
12272,2016,16900
12273,2017,17000
12274,2016,15000
12275,2016,15900
12276,2018,17800
12277,2016,15400
12278,2017,15000
12279,2019,19450
12280,2017,13700
12281,2016,14700
12282,2016,17500
12283,2016,17500
12284,2016,16000
12285,2017,17500
12286,2017,19000
12287,2016,22000
12288,2018,21000
12289,2014,11200
12290,2016,16400
12291,2017,12900
12292,2015,15000
12293,2016,17700
12294,2017,21600
12295,2016,13900
12296,2017,16800
12297,2018,17100
12298,2015,27000
12299,2015,16250
12300,2017,12900
12301,2016,12200
12302,2016,16400
12303,2015,15700
12304,2016,15100
12305,2014,12700
12306,2017,16400
12307,2017,17200
12308,2017,20100
12309,2016,16200
12310,2018,18400
12311,2018,15000
12312,2017,17100
12313,2017,16700
12314,2018,15500
12315,2018,22250
12316,2018,19000
12317,2015,13500
12318,2017,17800
12319,2018,16000
12320,2018,16600
12321,2019,21000
12322,2017,20000
12323,2018,20000
12324,2017,19000
12325,2015,15000
12326,2018,16000
12327,2015,12900
12328,2014,17000
12329,2018,15900
12330,2017,20700
12331,2017,16800
12332,2016,16200
12333,2015,17100
12334,2017,17200
12335,2018,17900
12336,2017,13500
12337,2015,11400
12338,2015,10500
12339,2017,20000
12340,2016,17000
12341,2018,16000
12342,2017,20250
12343,2017,19000
12344,2016,20500
12345,2017,19500
12346,2016,13000
12347,2016,15900
12348,2018,24500
12349,2017,18700
12350,2018,19000
12351,2017,19500
12352,2018,14750
12353,2016,21000
12354,2018,20800
12355,2018,15000
12356,2017,13500
12357,2016,17500
12358,2017,20300
12359,2017,14500
12360,2017,17500
12361,2017,16600
12362,2017,13100
12363,2014,14200
12364,2016,17100
12365,2016,18700
12366,2015,11200
12367,2018,18100
12368,2016,13000
12369,2017,14250
12370,2018,14500
12371,2018,16800
12372,2015,10500
12373,2018,19900
12374,2017,16450
12375,2017,19000
12376,2017,13500
12377,2016,19900
12378,2017,13500
12379,2017,12400
12380,2017,12600
12381,2017,17000
12382,2018,16700
12383,2015,12500
12384,2017,19250
12385,2017,15600
12386,2018,16600
12387,2017,16400
12388,2017,15700
12390,2014,10800
12391,2015,15800
12392,2017,17800
12393,2017,10900
12394,2017,15500
12395,2018,18900
12396,2015,19900
12397,2016,16750
12398,2018,16000
12399,2018,18750
12400,2018,14000
12401,2017,16000
12402,2018,16500
12403,2018,17250
12404,2015,15750
12405,2018,15800
12406,2018,20000
12407,2018,20250
12408,2018,19250
12409,2017,15500
12410,2017,15200
12411,2016,16600
12412,2013,13000
12413,2017,16950
12414,2017,18400
12415,2016,17950
12416,2016,15500
12417,2015,17450
12418,2017,19750
12419,2018,19950
12420,2017,19500
12421,2015,21900
12422,2017,16000
12423,2017,13100
12424,2017,14000
12425,2016,13800
12426,2016,12400
12427,2016,13900
12428,2018,14900
12429,2016,17000
12430,2012,10800
12431,2018,14300
12432,2016,21000
12433,2015,14900
12434,2017,17500
12435,2017,13900
12436,2016,14700
12437,2017,28000
12438,2015,21000
12439,2015,15900
12440,2014,13000
12441,2017,17400
12442,2014,9800
12443,2017,16800
12444,2017,16000
12445,2017,14500
12446,2018,18700
12447,2018,19000
12448,2018,19750
12449,2017,16850
12450,2015,13999
12451,2016,13800
12452,2016,11900
12453,2017,14300
12454,2018,15800
12455,2018,15800
12456,2014,9500
12457,2015,12700
12458,2017,20200
12459,2017,13000
12460,2017,18000
12461,2016,12450
12462,2016,18450
12463,2017,16750
12464,2017,15800
12465,2018,20800
12466,2018,20800
12467,2018,20800
12468,2016,14000
12469,2015,11750
12470,2016,13000
12471,2018,15400
12472,2016,14500
12473,2016,14750
12474,2016,10500
12475,2018,21800
12476,2016,12600
12477,2018,15700
12478,2014,13100
12479,2017,19200
12480,2016,11900
12481,2016,15400
12482,2013,10700
12483,2016,17500
12484,2016,12600
12485,2016,11900
12486,2017,17700
12487,2017,13100
12488,2018,20000
12489,2018,19000
12490,2015,15300
12491,2016,18600
12492,2015,15750
12493,2017,16600
12494,2016,15200
12495,2015,12800
12496,2016,17600
12497,2014,9700
12498,2016,15300
12499,2018,19300
12500,2014,12000
12501,2017,19200
12502,2018,18500
12503,2015,12750
12504,2017,14700
12505,2015,20500
12506,2017,11500
12507,2016,12800
12508,2014,11900
12509,2014,11300
12510,2014,14800
12511,2015,17500
12512,2015,13700
12513,2017,28800
12514,2015,10400
12515,2015,13300
12516,2014,11400
12517,2015,10700
12518,2015,22200
12519,2015,16300
12520,2014,14800
12521,2018,17600
12522,2015,16500
12523,2016,12400
12524,2017,14200
12525,2019,23950
12526,2014,20500
12527,2018,15000
12528,2014,14600
12529,2016,11500
12530,2014,15000
12531,2017,17800
12532,2017,14800
12533,2014,13000
12534,2017,18900
12535,2015,15500
12536,2014,13000
12537,2016,13300
12538,2015,13400
12539,2016,16000
12540,2015,14400
12541,2014,14000
12542,2017,17000
12543,2016,11500
12544,2017,14500
12545,2017,14400
12546,2016,15500
12547,2018,16950
12548,2017,16800
12549,2016,13800
12550,2018,23600
12551,2017,15700
12552,2019,23950
12553,2019,24000
12554,2017,17800
12555,2016,18500
12556,2017,20500
12557,2017,17800
12558,2017,18500
12559,2017,18500
12560,2018,19000
12561,2017,17800
12562,2017,23900
12563,2018,27995
12564,2019,40990
12565,2016,17995
12566,2019,23995
12567,2015,10200
12568,2017,18000
12569,2017,17500
12570,2015,13000
12571,2017,19000
12572,2014,14000
12573,2014,12000
12574,2017,18500
12575,2017,16500
12576,2017,16400
12577,2014,8200
12578,2014,11500
12579,2015,12000
12580,2016,18000
12581,2018,15000
12582,2018,19000
12583,2017,21000
12584,2017,16850
12585,2018,19000
12586,2018,20000
12587,2017,14250
12588,2015,14700
12589,2016,16450
12590,2017,20000
12591,2018,14600
12592,2015,14995
12593,2015,13995
12594,2004,1495
12595,2017,24990
12596,2018,21990
12597,2018,29990
12598,2018,28944
12599,2016,21672
12600,2016,26059
12601,2016,20264
12602,2017,20905
12603,2019,39894
12604,2014,21944
12605,2017,20681
12606,2017,18460
12607,2019,27994
12608,2017,20995
12609,2017,22646
12610,2016,20184
12611,2016,15944
12612,2016,28944
12613,2019,28450
12614,2016,19290
12615,2019,33450
12616,2016,14400
12617,2016,15100
12618,2015,14800
12619,2016,16200
12620,2017,13000
12621,2015,13900
12622,2015,11200
12623,2015,12500
12624,2017,15100
12625,2016,12750
12626,2016,11400
12627,2016,27444
12628,2019,24244
12629,2017,20444
12630,2017,18944
12631,2019,48444
12632,2019,29444
12633,2019,24944
12634,2018,44444
12635,2019,35444
12636,2016,20990
12637,2019,38444
12638,2019,34350
12639,2012,11995
12640,2020,44995
12641,2018,31990
12642,2020,32995
12643,2020,44995
12644,2019,22995
12645,2018,20944
12646,2011,10995
12647,2013,11995
12648,2007,3695
12649,2012,9995
12650,2009,4695
12651,2019,30444
12652,2020,25244
12653,2020,26444
12654,2019,29944
12655,2016,16890
12656,2020,27890
12657,2016,18480
12658,2017,17890
12659,2016,18980
12660,2017,16780
12661,2016,19480
12662,2017,21890
12663,2017,15980
12664,2019,24000
12665,2014,35989
12666,2020,26944
12667,2019,35850
12668,2017,29990
12669,2019,54994
12670,2016,26250
12671,2017,29440
12672,2019,21890
12673,2019,25850
12674,2018,18470
12675,2017,29890
12676,2017,22750
12677,2017,21890
12678,2017,15480
12679,2016,17250
12680,2016,16890
12681,2018,26000
12682,2016,16480
12683,2019,35890
12684,2015,21000
12685,2020,41450
12686,2017,28890
12687,2017,17480
12688,2019,42980
12689,2016,18980
12690,2017,19980
12691,2018,27890
12692,2015,19780
12693,2019,34890
12694,2019,20480
12695,2019,23980
12696,2019,22480
12697,2016,20800
12698,2019,36890
12699,2019,40890
12700,2016,32890
12701,2019,37890
12702,2019,27890
12703,2019,25480
12704,2016,17890
12705,2018,47480
12706,2018,20250
12707,2019,56890
12708,2015,13890
12709,2001,12999
12710,2006,1695
12711,2016,17850
12712,2019,32890
12713,2017,20480
12714,2019,20980
12715,2016,28890
12716,2019,25480
12717,2016,13890
12718,2019,27480
12719,2017,18898
12720,2017,19828
12721,2017,23166
12722,2016,35168
12723,2016,34975
12724,2016,29579
12725,2019,25744
12726,2016,31988
12727,2016,18314
12728,2015,21643
12729,2019,23444
12730,2019,25444
12731,2020,57995
12732,2020,23444
12733,2020,25644
12734,2018,27244
12735,2016,20444
12736,2019,24944
12737,2019,24244
12738,2019,27890
12739,2019,28480
12740,2019,23480
12741,2019,57890
12742,2016,16950
12743,2015,12800
12744,2016,11900
12745,2015,17200
12746,2016,12800
12747,2017,15000
12748,2018,18500
12749,2018,19000
12750,2017,20000
12751,2014,11000
12752,2017,29890
12753,2019,20880
12754,2016,17780
12755,2019,32890
12756,2012,10990
12757,2011,7995
12758,2015,13495
12759,2013,9995
12760,2013,16000
12761,2015,10995
12763,2014,20000
12764,2016,31750
12765,2004,2495
12766,2004,1780
12767,2004,5000
12768,2013,14790
12769,2012,44990
12770,2010,26990
12771,2016,21317
12772,2017,19329
12773,2015,29029
12774,2020,32995
12775,2018,31995
12776,2015,17165
12777,2018,29490
12778,2017,29990
12779,2016,29267
12780,2015,29900
12781,2018,35000
12782,2018,34000
12783,2016,15000
12784,2014,19495
12785,2013,8250
12786,2014,21495
12787,2016,22390
12788,2019,24990
12789,2016,27990
12790,2016,17590
12791,2017,33990
12792,2018,23790
12793,2016,17990
12794,2016,25629
12795,2016,34763
12796,2017,21450
12797,2020,52990
12798,2020,26590
12799,2020,27490
12800,2020,27490
12801,2020,26590
12802,2018,19790
12803,2019,24790
12804,2019,31990
12805,2017,33995
12806,2017,19500
12807,2019,22740
12808,2017,36990
12809,2016,19990
12810,2015,20490
12811,2019,42990
12812,2019,27490
12813,2016,26995
12814,2016,27190
12815,2019,35394
12816,2018,22990
12817,2016,18995
12818,2014,11250
12819,2020,38995
12820,2019,28750
12821,2019,21190
12822,2017,15790
12823,2020,31590
12824,2018,33740
12825,2019,19250
12826,2015,15800
12827,2017,19900
12828,2017,22900
12829,2017,28900
12830,2018,22490
12831,2016,29900
12832,2019,24800
12833,2019,24800
12834,2016,21900
12835,2018,23900
12836,2019,31900
12837,2016,19400
12838,2012,8000
12839,2020,35900
12840,2017,17300
12841,2018,18500
12842,2017,20900
12843,2017,15800
12844,2017,18900
12845,2020,29900
12846,2013,14400
12847,2017,23490
12848,2014,13800
12849,2019,26500
12850,2016,20106
12851,2015,20258
12852,2019,19750
12853,2019,24690
12854,2018,29190
12855,2019,43490
12856,2020,31150
12857,2020,55290
12858,2019,29650
12859,2017,20300
12860,2016,14750
12861,2016,17900
12862,2015,17900
12863,2018,14900
12864,2019,27900
12865,2017,17900
12866,2013,10900
12867,2017,36890
12868,2015,28700
12869,2017,15650
12870,2020,28900
12871,2020,23900
12872,2019,22250
12873,2016,18800
12874,2017,21900
12875,2017,14830
12876,2016,20900
12877,2019,59700
12878,2017,24900
12879,2017,14900
12880,2011,10950
12881,2018,20900
12882,2017,17699
12883,2016,17299
12884,2016,14000
12885,2017,15995
12886,2019,37900
12887,2020,38900
12888,2019,68900
12889,2016,18250
12890,2019,20700
12891,2016,16375
12892,2016,18750
12893,2019,30900
12895,2019,31490
12896,2018,18799
12897,2019,23549
12898,2019,24999
12899,2019,38499
12900,2020,25799
12901,2020,25199
12902,2019,25799
12903,2019,26349
12904,2016,16249
12905,2019,32445
12906,2017,37995
12907,2017,20699
12908,2019,35699
12909,2019,29999
12910,2015,18299
12911,2016,21591
12912,2016,20042
12913,2016,16649
12914,2017,21323
12915,2017,19590
12916,2016,35390
12917,2016,17808
12918,2017,19999
12919,2019,23999
12920,2016,16299
12921,2019,59999
12922,2018,29500
12923,2019,25239
12924,2019,33995
12925,2014,17250
12926,2020,44950
12927,2019,30999
12928,2019,26899
12929,2020,54999
12930,2019,31999
12931,2017,18339
12932,2019,38995
12933,2019,25499
12934,2018,15799
12935,2017,30999
12936,2017,20999
12937,2020,45995
12938,2016,19811
12939,2019,24999
12940,2016,18100
12941,2016,22315
12942,2016,35402
12943,2015,25460
12944,2019,23745
12945,2019,24995
12946,2016,17999
12947,2016,16499
12948,2018,29995
12949,2016,18995
12950,2017,20450
12951,2020,44500
12952,2019,54790
12953,2020,44950
12954,2019,31990
12955,2016,18995
12956,2018,19250
12957,2019,29690
12958,2016,15990
12959,2009,9990
12960,2012,10990
12961,2019,19888
12962,2020,34790
12963,2019,24990
12964,2019,21290
12965,2019,24990
12966,2019,26350
12967,2019,31490
12968,2020,35490
12969,2019,23290
12970,2019,27495
12971,2018,43995
12972,2017,19495
12973,2017,15995
12974,2017,19995
12975,2019,23495
12976,2019,29995
12977,2019,23250
12978,2019,25440
12979,2019,25999
12980,2018,29999
12981,2016,23999
12982,2017,14995
12983,2015,17899
12984,2019,34979
12985,2016,22421
12986,2019,26440
12987,2019,23998
12988,2020,24264
12989,2017,17395
12990,2017,55995
12991,2017,32995
12992,2019,23150
12993,2019,19345
12994,2019,47995
12995,2019,40995
12996,2019,25599
12997,2019,34999
12998,2019,22250
12999,2016,15999
13000,2018,16500
13001,2019,47990
13002,2018,66974
13003,2017,15600
13004,2017,15000
13005,2014,16000
13006,2014,17000
13007,2012,14400
13008,2013,14000
13009,2014,13000
13010,2015,13400
13011,2013,20000
13012,2017,13850
13013,2018,17995
13014,2017,13950
13015,2017,17000
13016,2017,27000
13017,2016,17800
13018,2018,17600
13019,2019,20900
13020,2016,16900
13021,2018,25900
13022,2016,12900
13023,2016,21400
13024,2016,16500
13025,2019,28900
13026,2020,38400
13027,2015,21999
13028,2019,23750
13029,2019,23899
13030,2017,19399
13031,2019,22749
13032,2019,28479
13033,2016,14599
13034,2017,13391
13035,2018,21738
13036,2000,11750
13037,2019,30294
13038,2020,68995
13039,2016,35000
13040,2016,21064
13041,2017,20019
13042,2017,18490
13043,2015,29865
13044,2016,37094
13045,2017,26245
13046,2016,19250
13047,2015,28086
13048,2019,37990
13049,2019,36995
13050,2019,31500
13051,2020,30395
13052,2020,29498
13053,2020,27995
13054,2019,23450
13055,2017,20495
13056,2020,58450
13057,2016,17999
13058,2015,51990
13059,2018,28499
13060,2017,109495
13061,2019,46995
13062,2019,28990
13063,2019,28990
13064,2016,23995
13065,2019,27950
13066,2019,23440
13067,2018,38995
13068,2016,19995
13069,2019,24440
13070,2017,19995
13071,2014,16995
13072,2017,18995
13073,2019,19350
13074,2019,42490
13075,2019,39995
13076,2019,23948
13077,2019,27999
13078,2017,19889
13079,2016,22636
13080,2015,18135
13081,2017,37477
13082,2019,34990
13083,2015,31723
13084,2015,18049
13085,2016,22684
13086,2015,20374
13087,2017,21237
13088,2017,18048
13089,2017,20659
13090,2015,12995
13091,2017,38343
13092,2016,30045
13093,2019,23999
13094,2017,30999
13095,2016,20399
13096,2016,27999
13097,2019,34459
13098,2019,24499
13099,2019,23994
13100,2019,25829
13101,2016,23999
13102,2017,35999
13103,2019,23444
13104,2019,24249
13105,2019,27899
13106,2019,27999
13107,2019,24999
13108,2016,17499
13109,2017,16499
13110,2019,25499
13111,2019,19344
13112,2019,30399
13113,2020,30999
13114,2020,35999
13115,2020,24699
13116,2019,30999
13117,2019,37990
13118,2019,54999
